Song,Arist,Genre,Plays,Likes,Reposts
Lil Peep & XXXTENTACION - Falling Down,a??LiL PEEPa??,Alternative Rock,81818952,1311757,57401
Riptide,Vance  Joy,Alternative Rock,38180415,522994,56818
Lil Peep & ILoveMakonnen - Sunlight On Your Skin,a??LiL PEEPa??,Alternative Rock,11030294,174695,10070
cavetown - this is home/cut my hair e?£¤?,sadvibesonly,Alternative Rock,6160544,85002,2268
let me die (prod. lilhappylilsad),lil happy lil sad,Alternative Rock,3899861,55802,2281
zillakami - frailty,xxxtentacion,Alternative Rock,925867,16369,495
Green Day - Basket Case,BURGER RECORDS,Alternative Rock,10764233,167051,6179
twenty one pilots - Heathens (Punk Goes Pop Style Cover) Suicide Squad,Number 8,Alternative Rock,6587157,94888,2617
Red Hot Chilli Peppers-Can't Stop,Miraj,Alternative Rock,9217647,158537,6829
Lil Peep - I Feel Like I'm Still Alive,a??LiL PEEPa??,Alternative Rock,79807,2087,47
Phoenix - Worlds 2019 - League Of Legends,Giovani Baldan,Alternative Rock,62722,1663,46
Mr. Brightside,tealoversunite,Alternative Rock,2385356,36912,676
Paramore - Still Into You,Fueled By Ramen,Alternative Rock,8435128,135911,8905
bad love breaks hearts (feat. euan) (prod. hxrxkiller),heroine diaries,Alternative Rock,1330211,24707,689
Superman Is Dead - Sunset Di Tanah Anarki (USA),SigitBt,Alternative Rock,4297693,64710,1985
30 Minute Deep Sleep Music-Calming Music Relaxing Music Soothing Music(Link Below for Long Version),T Mega,Ambient,10224835,147978,4807
Relaxing Rain and Loud Thunder (Free Field Recording of Nature Sounds for Sleep or Meditation Mp3),R.J. Stefanski,Ambient,9839827,28878,1233
The Light (Acoustic Version),Armada Music,Ambient,4344946,70674,2606
Reiki Zen Meditation Music | Relax your Mind and Body | Soothing Music,Spiritual Moment,Ambient,9736607,155706,5213
Delectatio - Numinous [Silk Music],Silk Music,Ambient,2606864,39341,1104
The Eden Project - Circles,SyrebralVibes,Ambient,14648801,231365,12380
Rain & Ocean Waves Storm Sounds for Sleep (75 Minutes),Relaxing White Noise,Ambient,879375,9001,216
chanson,Buffering,Ambient,1856853,30975,2549
chanson,Buffering,Ambient,2719562,75903,28288
Spiritual Ascension Music | Healing Voices | Sleep Background - Meditation - Reiki - Yoga - Study,Spiritual Moment,Ambient,5811909,74402,2833
3 HOURS Relaxing Music   Yoga Background   Meditation   Spa   Massage   Sleep   Study[1],Kait?2-?3 Con Botas,Ambient,4315544,52010,1867
"Ultra Sleep Tibetan Music: Sleep Hypnosis, Music for Deep Sleep",Spiritual Moment,Ambient,2277619,27861,824
"Relaxing Rain and Thunder Sound , Sleep Meditation",Ibne Waheedi,Ambient,5363831,60115,3243
"Thunderstorm Sounds(Long Recording) Relaxing Rain & Thunder Sounds for Sleep, Insomnia or Study e??¡ì???",Rain Sounds Club,Ambient,479580,5287,114
"Deep Shamanic Meditation- Relaxing Powerful Meditation Music For Deep Relaxation, Sleep Music 030",user9175165,Ambient,3788099,55470,2167
As she passes,Levi Patel,Classical,9400033,161827,5993
Coke Studio Season 12 | Wohi Khuda Hai | Atif Aslam,CokeStudio,Classical,70092,5000,450
We Move Lightly,Dustinohalloran,Classical,6364400,94397,4156
"Tu Kuja Man Kuja, Shiraz Uppal & Rafaqat Ali Khan, Season Finale, Coke Studio Season 9",CokeStudio,Classical,10874661,268165,9532
chanson,Buffering,Classical,628419,25645,1183
Mark Eliyahu - Journey,Safena,Classical,4285951,91299,7536
"Afreen Afreen, Rahat Fateh Ali Khan & Momina Mustehsan, Episode 2, Coke Studio 9",CokeStudio,Classical,16152723,329018,15575
Otj¨¢nbird Pt. I,Spheri¨¢,Classical,1572987,16203,1006
Clair de Lune,Claude Debussy,Classical,3107058,33351,2155
"Chopin Nocturne in F Minor-Op. 55, No 1 (Variation) Piano, Violin, Cello - Chad Lawson",chad lawson,Classical,6907950,115796,11065
SAD PIANO - Violin -  Cant Forgive ?? ?? (Ballad),Ahmed Gado,Classical,8757878,144805,18966
Bedtime Baby Lullaby Classical Music Mozart Bach Beethoven Pachelbel Sleep Music 1 Hour,Bonifansius,Classical,3943637,59688,3013
Brahms' Lullaby - Orchestral Musicbox Lullaby For Babies - (Free Download),Wonderful Lullabies,Classical,1622998,9425,404
Mozart - Requiem in D minor Complete Full,Jack Villano Villano,Classical,4331220,79658,5056
Ikuko Kawai - El Choclo (Kiss Of Fire),Gooshe5,Classical,1382913,31216,3916
As she passes,Levi Patel,Country,9400064,161827,5993
Coke Studio Season 12 | Wohi Khuda Hai | Atif Aslam,CokeStudio,Country,70111,5000,450
We Move Lightly,Dustinohalloran,Country,6364422,94398,4156
"Tu Kuja Man Kuja, Shiraz Uppal & Rafaqat Ali Khan, Season Finale, Coke Studio Season 9",CokeStudio,Country,10874669,268165,9532
Qabeel OST - ??? ????? ?? ???? ????? ??? ?? ??????,Khaled Al Kammar,Country,628428,25645,1183
Mark Eliyahu - Journey,Safena,Country,4285963,91300,7536
"Afreen Afreen, Rahat Fateh Ali Khan & Momina Mustehsan, Episode 2, Coke Studio 9",CokeStudio,Country,16152736,329018,15575
Otj¨¢nbird Pt. I,Spheri¨¢,Country,1572997,16203,1006
Clair de Lune,Claude Debussy,Country,3107073,33351,2155
"Chopin Nocturne in F Minor-Op. 55, No 1 (Variation) Piano, Violin, Cello - Chad Lawson",chad lawson,Country,6907962,115796,11065
SAD PIANO - Violin -  Cant Forgive ?? ?? (Ballad),Ahmed Gado,Country,8757897,144805,18966
Bedtime Baby Lullaby Classical Music Mozart Bach Beethoven Pachelbel Sleep Music 1 Hour,Bonifansius,Country,3943645,59688,3013
Brahms' Lullaby - Orchestral Musicbox Lullaby For Babies - (Free Download),Wonderful Lullabies,Country,1623005,9425,404
Mozart - Requiem in D minor Complete Full,Jack Villano Villano,Country,4331225,79658,5056
Ikuko Kawai - El Choclo (Kiss Of Fire),Gooshe5,Country,1382920,31217,3916
As she passes,Levi Patel,Dance & EDM,9400093,161827,5993
Ride It,Dj Regard,Dance & EDM,2123729,47087,1110
Piece Of Your Heart (feat. Goodboys),MEDUZA,Dance & EDM,12608907,224563,7870
The Chainsmokers - Don't Let Me Down (Illenium Remix),ILLENIUM,Dance & EDM,114127237,1822237,157799
Martin Garrix & Bebe Rexha - In The Name Of Love,Martin Garrix,Dance & EDM,70295717,1216083,84824
Alone (Original Mix),marshmello,Dance & EDM,59422634,944669,67908
Phoebe Ryan - Mine (Elephante Remix),Elephante,Dance & EDM,16305739,331289,16636
Riton x Oliver Heldens - Turn Me On ft. Vula,Oliver Heldens,Dance & EDM,496866,18239,1167
"Taki Taki (feat. Selena Gomez, Ozuna & Cardi B)",DJ SNAKE,Dance & EDM,61713899,500268,13245
Sia - Cheap Thrills Ft. Sean Paul (Bruno Torres Remix),Bruno Torres Remixes,Dance & EDM,38701544,592801,21977
Lose Control,MEDUZA,Dance & EDM,158047,7582,596
Clean Bandit - Rockabye Ft. Sean Paul & Anne - Marie  ( Dj.IsI Rework ),Dj IsI,Dance & EDM,28389586,470589,16369
chanson,Unavailable,Dance & EDM,13049619,241966,12347
chanson,Unavailable,Dance & EDM,70622123,1055620,116051
"K-391 - Ignite (feat. Alan Walker, Julie Bergan & Seungri)",WindFair,Dance & EDM,8528703,129212,2774
The Chainsmokers Ft. GGFO - Let You Go (Aash Mehta Remix)[Free Download],Aash Mehta,Dance & EDM,6903555,104997,4204
Ride It,Dj Regard,Dancehall,2123855,47090,1110
Piece Of Your Heart (feat. Goodboys),MEDUZA,Dancehall,12608993,224563,7870
chanson,Buffering,Dancehall,114127366,1822239,157799
Martin Garrix & Bebe Rexha - In The Name Of Love,Martin Garrix,Dancehall,70295826,1216084,84824
Alone (Original Mix),marshmello,Dancehall,59422689,944669,67908
Phoebe Ryan - Mine (Elephante Remix),Elephante,Dancehall,16305842,331293,16636
Riton x Oliver Heldens - Turn Me On ft. Vula,Oliver Heldens,Dancehall,496931,18239,1167
"Taki Taki (feat. Selena Gomez, Ozuna & Cardi B)",DJ SNAKE,Dancehall,61713950,500269,13245
Sia - Cheap Thrills Ft. Sean Paul (Bruno Torres Remix),Bruno Torres Remixes,Dancehall,38701631,592801,21977
Lose Control,MEDUZA,Dancehall,158093,7583,596
Clean Bandit - Rockabye Ft. Sean Paul & Anne - Marie  ( Dj.IsI Rework ),Dj IsI,Dancehall,28389639,470589,16369
chanson,Unavailable,Dancehall,13049656,241967,12347
chanson,Unavailable,Dancehall,70622175,1055620,116051
"K-391 - Ignite (feat. Alan Walker, Julie Bergan & Seungri)",WindFair,Dancehall,8528768,129213,2774
chanson,Buffering,Dancehall,6903636,104999,4204
chanson,Buffering,Deep House,2123967,47091,1110
Piece Of Your Heart (feat. Goodboys),MEDUZA,Deep House,12609094,224565,7870
The Chainsmokers - Don't Let Me Down (Illenium Remix),ILLENIUM,Deep House,114127503,1822240,157799
Martin Garrix & Bebe Rexha - In The Name Of Love,Martin Garrix,Deep House,70295895,1216085,84824
Alone (Original Mix),marshmello,Deep House,59422748,944669,67908
Phoebe Ryan - Mine (Elephante Remix),Elephante,Deep House,16305943,331294,16636
Riton x Oliver Heldens - Turn Me On ft. Vula,Oliver Heldens,Deep House,497002,18240,1167
"Taki Taki (feat. Selena Gomez, Ozuna & Cardi B)",DJ SNAKE,Deep House,61713999,500269,13245
Sia - Cheap Thrills Ft. Sean Paul (Bruno Torres Remix),Bruno Torres Remixes,Deep House,38701702,592802,21977
Lose Control,MEDUZA,Deep House,158144,7583,596
Clean Bandit - Rockabye Ft. Sean Paul & Anne - Marie  ( Dj.IsI Rework ),Dj IsI,Deep House,28389687,470589,16369
chanson,Unavailable,Deep House,13049694,241966,12347
chanson,Unavailable,Deep House,70622226,1055619,116051
"K-391 - Ignite (feat. Alan Walker, Julie Bergan & Seungri)",WindFair,Deep House,8528824,129215,2774
Ariana Grande - Touch It (Slipenberg Remix)(FREE DOWNLOAD),Spirit Soul Mixes & Free Downloads,Disco,6680312,86355,4156
"Sharam Jey, Chemical Surf & Illusionize - Bass (Preview) Out Now",Sharam Jey,Disco,3514191,49755,3034
Dua Lipa 'Blow Your Mind (Mwah)' (Butch le Butch Lost Disco Version),Butch le Butch,Disco,2298758,22802,691
Estilo Disco: 70s Disco Megamix Boite Discotheque,Mix80s,Disco,4021996,48006,2546
Glitterbox Radio Show 132 presented by Melvo Baptiste,Glitterbox,Disco,29041,701,78
The Ultimate 80's Mix,PokerT,Disco,1682923,16024,659
Diana Ross - I Will Survive (Neidex Remix),0600 Records,Disco,1272874,16534,1013
Get down Saturday night - Oliver Cheatham - SanFranDisko Mix #FreeDownload,SanFranDisko,Disco,664147,9595,547
Sharam Jey & Daniel Fernandes - Jump Up (Preview) [OUT NOW!],Sharam Jey,Disco,1407352,22638,2375
RetroMix Vol 39 (Disco Pop 70's),DJ GIAN,Disco,46847,1034,210
Barry & Gibbs - Disco & House Classics - FVUK Guestmix Series,Funky Vibes UK,Disco,7847,270,67
"Vokker, Schnor - I'm A Gee (Original Mix)",G-MAFIA RECORDS,Disco,405323,6067,243
Deeperise Feat. Anything But Monday - Crush (Mahmut Orhan Remix),Palace Beach,Disco,651727,9712,836
"Flight Facilities - 37,000 ft Mixtape (2011)",Flight Facilities,Disco,19525,733,81
Sharam Jey & Illusionize - Shake Moove (Preview) // [OUT NOW],Sharam Jey,Disco,802039,12953,961
Ariana Grande - Touch It (Slipenberg Remix)(FREE DOWNLOAD),Spirit Soul Mixes & Free Downloads,Drum & Bass,6680340,86356,4156
"Sharam Jey, Chemical Surf & Illusionize - Bass (Preview) Out Now",Sharam Jey,Drum & Bass,3514200,49756,3034
Dua Lipa 'Blow Your Mind (Mwah)' (Butch le Butch Lost Disco Version),Butch le Butch,Drum & Bass,2298769,22803,691
Estilo Disco: 70s Disco Megamix Boite Discotheque,Mix80s,Drum & Bass,4022003,48006,2546
Glitterbox Radio Show 132 presented by Melvo Baptiste,Glitterbox,Drum & Bass,29045,701,78
The Ultimate 80's Mix,PokerT,Drum & Bass,1682924,16024,659
Diana Ross - I Will Survive (Neidex Remix),0600 Records,Drum & Bass,1272879,16534,1013
chanson,Buffering,Drum & Bass,664152,9595,547
Sharam Jey & Daniel Fernandes - Jump Up (Preview) [OUT NOW!],Sharam Jey,Drum & Bass,1407356,22638,2375
RetroMix Vol 39 (Disco Pop 70's),DJ GIAN,Drum & Bass,46850,1034,210
Barry & Gibbs - Disco & House Classics - FVUK Guestmix Series,Funky Vibes UK,Drum & Bass,7853,270,67
"Vokker, Schnor - I'm A Gee (Original Mix)",G-MAFIA RECORDS,Drum & Bass,405328,6067,243
Deeperise Feat. Anything But Monday - Crush (Mahmut Orhan Remix),Palace Beach,Drum & Bass,651732,9712,836
"Flight Facilities - 37,000 ft Mixtape (2011)",Flight Facilities,Drum & Bass,19529,733,81
Sharam Jey & Illusionize - Shake Moove (Preview) // [OUT NOW],Sharam Jey,Drum & Bass,802041,12953,961
Ariana Grande - Touch It (Slipenberg Remix)(FREE DOWNLOAD),Spirit Soul Mixes & Free Downloads,Dubstep,6680367,86357,4156
"Sharam Jey, Chemical Surf & Illusionize - Bass (Preview) Out Now",Sharam Jey,Dubstep,3514219,49756,3034
Dua Lipa 'Blow Your Mind (Mwah)' (Butch le Butch Lost Disco Version),Butch le Butch,Dubstep,2298779,22803,691
Estilo Disco: 70s Disco Megamix Boite Discotheque,Mix80s,Dubstep,4022010,48006,2546
Glitterbox Radio Show 132 presented by Melvo Baptiste,Glitterbox,Dubstep,29050,701,78
chanson,Buffering,Dubstep,1682926,16024,659
Diana Ross - I Will Survive (Neidex Remix),0600 Records,Dubstep,1272883,16534,1013
chanson,Buffering,Dubstep,664156,9595,547
chanson,Buffering,Dubstep,1407363,22638,2375
RetroMix Vol 39 (Disco Pop 70's),DJ GIAN,Dubstep,46850,1034,210
Barry & Gibbs - Disco & House Classics - FVUK Guestmix Series,Funky Vibes UK,Dubstep,7854,270,67
"Vokker, Schnor - I'm A Gee (Original Mix)",G-MAFIA RECORDS,Dubstep,405332,6067,243
Deeperise Feat. Anything But Monday - Crush (Mahmut Orhan Remix),Palace Beach,Dubstep,651739,9712,836
chanson,Buffering,Dubstep,19531,733,81
Sharam Jey & Illusionize - Shake Moove (Preview) // [OUT NOW],Sharam Jey,Dubstep,802043,12953,961
Ariana Grande - Touch It (Slipenberg Remix)(FREE DOWNLOAD),Spirit Soul Mixes & Free Downloads,Electronic,6680402,86357,4156
"Sharam Jey, Chemical Surf & Illusionize - Bass (Preview) Out Now",Sharam Jey,Electronic,3514232,49756,3034
Dua Lipa 'Blow Your Mind (Mwah)' (Butch le Butch Lost Disco Version),Butch le Butch,Electronic,2298787,22803,691
Estilo Disco: 70s Disco Megamix Boite Discotheque,Mix80s,Electronic,4022023,48006,2546
Glitterbox Radio Show 132 presented by Melvo Baptiste,Glitterbox,Electronic,29061,701,78
The Ultimate 80's Mix,PokerT,Electronic,1682931,16024,659
Diana Ross - I Will Survive (Neidex Remix),0600 Records,Electronic,1272894,16534,1013
Get down Saturday night - Oliver Cheatham - SanFranDisko Mix #FreeDownload,SanFranDisko,Electronic,664166,9595,547
Sharam Jey & Daniel Fernandes - Jump Up (Preview) [OUT NOW!],Sharam Jey,Electronic,1407367,22638,2375
RetroMix Vol 39 (Disco Pop 70's),DJ GIAN,Electronic,46853,1034,210
Barry & Gibbs - Disco & House Classics - FVUK Guestmix Series,Funky Vibes UK,Electronic,7862,270,67
"Vokker, Schnor - I'm A Gee (Original Mix)",G-MAFIA RECORDS,Electronic,405336,6067,243
Deeperise Feat. Anything But Monday - Crush (Mahmut Orhan Remix),Palace Beach,Electronic,651742,9712,836
"Flight Facilities - 37,000 ft Mixtape (2011)",Flight Facilities,Electronic,19536,733,81
Sharam Jey & Illusionize - Shake Moove (Preview) // [OUT NOW],Sharam Jey,Electronic,802047,12953,961
Ariana Grande - Touch It (Slipenberg Remix)(FREE DOWNLOAD),Spirit Soul Mixes & Free Downloads,Folk & Singer-Songwriter,6680438,86357,4156
"Sharam Jey, Chemical Surf & Illusionize - Bass (Preview) Out Now",Sharam Jey,Folk & Singer-Songwriter,3514253,49756,3034
Dua Lipa 'Blow Your Mind (Mwah)' (Butch le Butch Lost Disco Version),Butch le Butch,Folk & Singer-Songwriter,2298796,22803,691
Estilo Disco: 70s Disco Megamix Boite Discotheque,Mix80s,Folk & Singer-Songwriter,4022038,48006,2546
Glitterbox Radio Show 132 presented by Melvo Baptiste,Glitterbox,Folk & Singer-Songwriter,29067,701,78
The Ultimate 80's Mix,PokerT,Folk & Singer-Songwriter,1682938,16024,659
Diana Ross - I Will Survive (Neidex Remix),0600 Records,Folk & Singer-Songwriter,1272900,16535,1013
Get down Saturday night - Oliver Cheatham - SanFranDisko Mix #FreeDownload,SanFranDisko,Folk & Singer-Songwriter,664169,9595,547
Sharam Jey & Daniel Fernandes - Jump Up (Preview) [OUT NOW!],Sharam Jey,Folk & Singer-Songwriter,1407374,22638,2375
RetroMix Vol 39 (Disco Pop 70's),DJ GIAN,Folk & Singer-Songwriter,46856,1034,210
Barry & Gibbs - Disco & House Classics - FVUK Guestmix Series,Funky Vibes UK,Folk & Singer-Songwriter,7866,270,67
"Vokker, Schnor - I'm A Gee (Original Mix)",G-MAFIA RECORDS,Folk & Singer-Songwriter,405339,6067,243
Deeperise Feat. Anything But Monday - Crush (Mahmut Orhan Remix),Palace Beach,Folk & Singer-Songwriter,651746,9712,836
"Flight Facilities - 37,000 ft Mixtape (2011)",Flight Facilities,Folk & Singer-Songwriter,19537,733,81
chanson,Buffering,Folk & Singer-Songwriter,802050,12953,961
Ariana Grande - Touch It (Slipenberg Remix)(FREE DOWNLOAD),Spirit Soul Mixes & Free Downloads,Hip-hop & Rap,6680471,86357,4156
"Sharam Jey, Chemical Surf & Illusionize - Bass (Preview) Out Now",Sharam Jey,Hip-hop & Rap,3514261,49756,3034
Dua Lipa 'Blow Your Mind (Mwah)' (Butch le Butch Lost Disco Version),Butch le Butch,Hip-hop & Rap,2298811,22803,691
Estilo Disco: 70s Disco Megamix Boite Discotheque,Mix80s,Hip-hop & Rap,4022047,48006,2546
Glitterbox Radio Show 132 presented by Melvo Baptiste,Glitterbox,Hip-hop & Rap,29077,702,78
The Ultimate 80's Mix,PokerT,Hip-hop & Rap,1682954,16024,659
Diana Ross - I Will Survive (Neidex Remix),0600 Records,Hip-hop & Rap,1272908,16535,1013
Get down Saturday night - Oliver Cheatham - SanFranDisko Mix #FreeDownload,SanFranDisko,Hip-hop & Rap,664174,9595,547
Sharam Jey & Daniel Fernandes - Jump Up (Preview) [OUT NOW!],Sharam Jey,Hip-hop & Rap,1407376,22638,2375
RetroMix Vol 39 (Disco Pop 70's),DJ GIAN,Hip-hop & Rap,46857,1034,210
Barry & Gibbs - Disco & House Classics - FVUK Guestmix Series,Funky Vibes UK,Hip-hop & Rap,7868,270,67
"Vokker, Schnor - I'm A Gee (Original Mix)",G-MAFIA RECORDS,Hip-hop & Rap,405341,6067,243
Deeperise Feat. Anything But Monday - Crush (Mahmut Orhan Remix),Palace Beach,Hip-hop & Rap,651748,9712,836
chanson,Buffering,Hip-hop & Rap,19537,733,81
Sharam Jey & Illusionize - Shake Moove (Preview) // [OUT NOW],Sharam Jey,Hip-hop & Rap,802052,12953,961
Ariana Grande - Touch It (Slipenberg Remix)(FREE DOWNLOAD),Spirit Soul Mixes & Free Downloads,House,6680494,86359,4156
"Sharam Jey, Chemical Surf & Illusionize - Bass (Preview) Out Now",Sharam Jey,House,3514269,49756,3034
Dua Lipa 'Blow Your Mind (Mwah)' (Butch le Butch Lost Disco Version),Butch le Butch,House,2298825,22803,691
Estilo Disco: 70s Disco Megamix Boite Discotheque,Mix80s,House,4022061,48006,2546
Glitterbox Radio Show 132 presented by Melvo Baptiste,Glitterbox,House,29083,702,78
The Ultimate 80's Mix,PokerT,House,1682958,16024,659
Diana Ross - I Will Survive (Neidex Remix),0600 Records,House,1272908,16535,1013
Get down Saturday night - Oliver Cheatham - SanFranDisko Mix #FreeDownload,SanFranDisko,House,664177,9595,547
Sharam Jey & Daniel Fernandes - Jump Up (Preview) [OUT NOW!],Sharam Jey,House,1407379,22638,2375
RetroMix Vol 39 (Disco Pop 70's),DJ GIAN,House,46857,1034,210
Barry & Gibbs - Disco & House Classics - FVUK Guestmix Series,Funky Vibes UK,House,7871,270,67
"Vokker, Schnor - I'm A Gee (Original Mix)",G-MAFIA RECORDS,House,405345,6067,243
Deeperise Feat. Anything But Monday - Crush (Mahmut Orhan Remix),Palace Beach,House,651749,9712,836
"Flight Facilities - 37,000 ft Mixtape (2011)",Flight Facilities,House,19540,733,81
Sharam Jey & Illusionize - Shake Moove (Preview) // [OUT NOW],Sharam Jey,House,802054,12953,961
Ariana Grande - Touch It (Slipenberg Remix)(FREE DOWNLOAD),Spirit Soul Mixes & Free Downloads,Indie,6680512,86358,4156
"Sharam Jey, Chemical Surf & Illusionize - Bass (Preview) Out Now",Sharam Jey,Indie,3514274,49756,3034
Dua Lipa 'Blow Your Mind (Mwah)' (Butch le Butch Lost Disco Version),Butch le Butch,Indie,2298833,22803,691
Estilo Disco: 70s Disco Megamix Boite Discotheque,Mix80s,Indie,4022070,48006,2546
Glitterbox Radio Show 132 presented by Melvo Baptiste,Glitterbox,Indie,29087,702,78
The Ultimate 80's Mix,PokerT,Indie,1682964,16024,659
Diana Ross - I Will Survive (Neidex Remix),0600 Records,Indie,1272912,16535,1013
Get down Saturday night - Oliver Cheatham - SanFranDisko Mix #FreeDownload,SanFranDisko,Indie,664177,9595,547
chanson,Buffering,Indie,1407380,22638,2375
RetroMix Vol 39 (Disco Pop 70's),DJ GIAN,Indie,46859,1034,210
Barry & Gibbs - Disco & House Classics - FVUK Guestmix Series,Funky Vibes UK,Indie,7872,270,67
"Vokker, Schnor - I'm A Gee (Original Mix)",G-MAFIA RECORDS,Indie,405349,6067,243
Deeperise Feat. Anything But Monday - Crush (Mahmut Orhan Remix),Palace Beach,Indie,651752,9712,836
"Flight Facilities - 37,000 ft Mixtape (2011)",Flight Facilities,Indie,19545,733,81
Sharam Jey & Illusionize - Shake Moove (Preview) // [OUT NOW],Sharam Jey,Indie,802057,12953,961
Ariana Grande - Touch It (Slipenberg Remix)(FREE DOWNLOAD),Spirit Soul Mixes & Free Downloads,Jazz & Blues,6680539,86358,4156
"Sharam Jey, Chemical Surf & Illusionize - Bass (Preview) Out Now",Sharam Jey,Jazz & Blues,3514282,49756,3034
Dua Lipa 'Blow Your Mind (Mwah)' (Butch le Butch Lost Disco Version),Butch le Butch,Jazz & Blues,2298845,22803,691
Estilo Disco: 70s Disco Megamix Boite Discotheque,Mix80s,Jazz & Blues,4022082,48006,2546
chanson,Buffering,Jazz & Blues,29093,702,78
The Ultimate 80's Mix,PokerT,Jazz & Blues,1682970,16025,659
Diana Ross - I Will Survive (Neidex Remix),0600 Records,Jazz & Blues,1272919,16535,1013
Get down Saturday night - Oliver Cheatham - SanFranDisko Mix #FreeDownload,SanFranDisko,Jazz & Blues,664181,9595,547
Sharam Jey & Daniel Fernandes - Jump Up (Preview) [OUT NOW!],Sharam Jey,Jazz & Blues,1407384,22638,2375
RetroMix Vol 39 (Disco Pop 70's),DJ GIAN,Jazz & Blues,46860,1034,210
Barry & Gibbs - Disco & House Classics - FVUK Guestmix Series,Funky Vibes UK,Jazz & Blues,7877,270,67
"Vokker, Schnor - I'm A Gee (Original Mix)",G-MAFIA RECORDS,Jazz & Blues,405352,6067,243
Deeperise Feat. Anything But Monday - Crush (Mahmut Orhan Remix),Palace Beach,Jazz & Blues,651753,9712,836
"Flight Facilities - 37,000 ft Mixtape (2011)",Flight Facilities,Jazz & Blues,19546,733,81
Sharam Jey & Illusionize - Shake Moove (Preview) // [OUT NOW],Sharam Jey,Jazz & Blues,802064,12953,961
Ariana Grande - Touch It (Slipenberg Remix)(FREE DOWNLOAD),Spirit Soul Mixes & Free Downloads,Latin,6680559,86358,4156
"Sharam Jey, Chemical Surf & Illusionize - Bass (Preview) Out Now",Sharam Jey,Latin,3514292,49756,3034
Dua Lipa 'Blow Your Mind (Mwah)' (Butch le Butch Lost Disco Version),Butch le Butch,Latin,2298856,22803,691
Estilo Disco: 70s Disco Megamix Boite Discotheque,Mix80s,Latin,4022092,48006,2546
Glitterbox Radio Show 132 presented by Melvo Baptiste,Glitterbox,Latin,29101,702,78
The Ultimate 80's Mix,PokerT,Latin,1682971,16025,659
Diana Ross - I Will Survive (Neidex Remix),0600 Records,Latin,1272921,16535,1013
Get down Saturday night - Oliver Cheatham - SanFranDisko Mix #FreeDownload,SanFranDisko,Latin,664183,9595,547
Sharam Jey & Daniel Fernandes - Jump Up (Preview) [OUT NOW!],Sharam Jey,Latin,1407388,22638,2375
RetroMix Vol 39 (Disco Pop 70's),DJ GIAN,Latin,46860,1034,210
Barry & Gibbs - Disco & House Classics - FVUK Guestmix Series,Funky Vibes UK,Latin,7878,270,67
"Vokker, Schnor - I'm A Gee (Original Mix)",G-MAFIA RECORDS,Latin,405353,6067,243
Deeperise Feat. Anything But Monday - Crush (Mahmut Orhan Remix),Palace Beach,Latin,651753,9712,836
"Flight Facilities - 37,000 ft Mixtape (2011)",Flight Facilities,Latin,19546,733,81
Sharam Jey & Illusionize - Shake Moove (Preview) // [OUT NOW],Sharam Jey,Latin,802067,12953,961
Ariana Grande - Touch It (Slipenberg Remix)(FREE DOWNLOAD),Spirit Soul Mixes & Free Downloads,Metal,6680592,86358,4156
"Sharam Jey, Chemical Surf & Illusionize - Bass (Preview) Out Now",Sharam Jey,Metal,3514304,49757,3034
Dua Lipa 'Blow Your Mind (Mwah)' (Butch le Butch Lost Disco Version),Butch le Butch,Metal,2298866,22803,691
Estilo Disco: 70s Disco Megamix Boite Discotheque,Mix80s,Metal,4022100,48006,2546
Glitterbox Radio Show 132 presented by Melvo Baptiste,Glitterbox,Metal,29105,702,78
The Ultimate 80's Mix,PokerT,Metal,1682979,16025,659
Diana Ross - I Will Survive (Neidex Remix),0600 Records,Metal,1272926,16535,1013
Get down Saturday night - Oliver Cheatham - SanFranDisko Mix #FreeDownload,SanFranDisko,Metal,664187,9595,547
Sharam Jey & Daniel Fernandes - Jump Up (Preview) [OUT NOW!],Sharam Jey,Metal,1407391,22638,2375
RetroMix Vol 39 (Disco Pop 70's),DJ GIAN,Metal,46864,1034,210
Barry & Gibbs - Disco & House Classics - FVUK Guestmix Series,Funky Vibes UK,Metal,7881,270,67
"Vokker, Schnor - I'm A Gee (Original Mix)",G-MAFIA RECORDS,Metal,405355,6067,243
Deeperise Feat. Anything But Monday - Crush (Mahmut Orhan Remix),Palace Beach,Metal,651755,9712,836
"Flight Facilities - 37,000 ft Mixtape (2011)",Flight Facilities,Metal,19550,733,81
Sharam Jey & Illusionize - Shake Moove (Preview) // [OUT NOW],Sharam Jey,Metal,802068,12953,961
Ariana Grande - Touch It (Slipenberg Remix)(FREE DOWNLOAD),Spirit Soul Mixes & Free Downloads,Piano,6680616,86358,4156
"Sharam Jey, Chemical Surf & Illusionize - Bass (Preview) Out Now",Sharam Jey,Piano,3514309,49757,3034
chanson,Buffering,Piano,2298871,22803,691
Estilo Disco: 70s Disco Megamix Boite Discotheque,Mix80s,Piano,4022109,48006,2546
Glitterbox Radio Show 132 presented by Melvo Baptiste,Glitterbox,Piano,29115,702,78
The Ultimate 80's Mix,PokerT,Piano,1682984,16025,659
Diana Ross - I Will Survive (Neidex Remix),0600 Records,Piano,1272931,16535,1013
Get down Saturday night - Oliver Cheatham - SanFranDisko Mix #FreeDownload,SanFranDisko,Piano,664191,9595,547
Sharam Jey & Daniel Fernandes - Jump Up (Preview) [OUT NOW!],Sharam Jey,Piano,1407398,22638,2375
RetroMix Vol 39 (Disco Pop 70's),DJ GIAN,Piano,46867,1034,210
chanson,Buffering,Piano,7886,270,67
"Vokker, Schnor - I'm A Gee (Original Mix)",G-MAFIA RECORDS,Piano,405358,6067,243
Deeperise Feat. Anything But Monday - Crush (Mahmut Orhan Remix),Palace Beach,Piano,651761,9712,836
"Flight Facilities - 37,000 ft Mixtape (2011)",Flight Facilities,Piano,19554,733,81
chanson,Buffering,Piano,802072,12953,961
Ariana Grande - Touch It (Slipenberg Remix)(FREE DOWNLOAD),Spirit Soul Mixes & Free Downloads,Pop,6680649,86358,4156
"Sharam Jey, Chemical Surf & Illusionize - Bass (Preview) Out Now",Sharam Jey,Pop,3514318,49757,3034
Dua Lipa 'Blow Your Mind (Mwah)' (Butch le Butch Lost Disco Version),Butch le Butch,Pop,2298883,22803,691
Estilo Disco: 70s Disco Megamix Boite Discotheque,Mix80s,Pop,4022113,48006,2546
Glitterbox Radio Show 132 presented by Melvo Baptiste,Glitterbox,Pop,29119,702,78
The Ultimate 80's Mix,PokerT,Pop,1682987,16025,659
Diana Ross - I Will Survive (Neidex Remix),0600 Records,Pop,1272936,16535,1013
Get down Saturday night - Oliver Cheatham - SanFranDisko Mix #FreeDownload,SanFranDisko,Pop,664197,9596,547
Sharam Jey & Daniel Fernandes - Jump Up (Preview) [OUT NOW!],Sharam Jey,Pop,1407403,22637,2375
RetroMix Vol 39 (Disco Pop 70's),DJ GIAN,Pop,46867,1034,210
Barry & Gibbs - Disco & House Classics - FVUK Guestmix Series,Funky Vibes UK,Pop,7889,270,67
"Vokker, Schnor - I'm A Gee (Original Mix)",G-MAFIA RECORDS,Pop,405360,6067,243
Deeperise Feat. Anything But Monday - Crush (Mahmut Orhan Remix),Palace Beach,Pop,651763,9712,836
"Flight Facilities - 37,000 ft Mixtape (2011)",Flight Facilities,Pop,19557,733,81
Sharam Jey & Illusionize - Shake Moove (Preview) // [OUT NOW],Sharam Jey,Pop,802075,12953,961
Ariana Grande - Touch It (Slipenberg Remix)(FREE DOWNLOAD),Spirit Soul Mixes & Free Downloads,R&B & Soul,6680672,86358,4156
"Sharam Jey, Chemical Surf & Illusionize - Bass (Preview) Out Now",Sharam Jey,R&B & Soul,3514330,49757,3034
Dua Lipa 'Blow Your Mind (Mwah)' (Butch le Butch Lost Disco Version),Butch le Butch,R&B & Soul,2298898,22803,691
chanson,Buffering,R&B & Soul,4022127,48006,2546
Glitterbox Radio Show 132 presented by Melvo Baptiste,Glitterbox,R&B & Soul,29123,702,78
The Ultimate 80's Mix,PokerT,R&B & Soul,1682988,16025,659
Diana Ross - I Will Survive (Neidex Remix),0600 Records,R&B & Soul,1272942,16535,1013
Get down Saturday night - Oliver Cheatham - SanFranDisko Mix #FreeDownload,SanFranDisko,R&B & Soul,664203,9596,547
chanson,Buffering,R&B & Soul,1407407,22637,2375
RetroMix Vol 39 (Disco Pop 70's),DJ GIAN,R&B & Soul,46867,1034,210
chanson,Buffering,R&B & Soul,7891,270,67
"Vokker, Schnor - I'm A Gee (Original Mix)",G-MAFIA RECORDS,R&B & Soul,405361,6067,243
Deeperise Feat. Anything But Monday - Crush (Mahmut Orhan Remix),Palace Beach,R&B & Soul,651766,9712,836
"Flight Facilities - 37,000 ft Mixtape (2011)",Flight Facilities,R&B & Soul,19563,733,81
Sharam Jey & Illusionize - Shake Moove (Preview) // [OUT NOW],Sharam Jey,R&B & Soul,802079,12953,961
Ariana Grande - Touch It (Slipenberg Remix)(FREE DOWNLOAD),Spirit Soul Mixes & Free Downloads,Reggae,6680703,86358,4156
chanson,Buffering,Reggae,3514351,49757,3034
Dua Lipa 'Blow Your Mind (Mwah)' (Butch le Butch Lost Disco Version),Butch le Butch,Reggae,2298919,22803,691
Estilo Disco: 70s Disco Megamix Boite Discotheque,Mix80s,Reggae,4022133,48007,2546
chanson,Buffering,Reggae,29127,702,78
The Ultimate 80's Mix,PokerT,Reggae,1682992,16025,659
Diana Ross - I Will Survive (Neidex Remix),0600 Records,Reggae,1272947,16535,1013
Get down Saturday night - Oliver Cheatham - SanFranDisko Mix #FreeDownload,SanFranDisko,Reggae,664209,9596,547
Sharam Jey & Daniel Fernandes - Jump Up (Preview) [OUT NOW!],Sharam Jey,Reggae,1407410,22638,2375
RetroMix Vol 39 (Disco Pop 70's),DJ GIAN,Reggae,46868,1034,210
Barry & Gibbs - Disco & House Classics - FVUK Guestmix Series,Funky Vibes UK,Reggae,7898,270,67
"Vokker, Schnor - I'm A Gee (Original Mix)",G-MAFIA RECORDS,Reggae,405365,6067,243
Deeperise Feat. Anything But Monday - Crush (Mahmut Orhan Remix),Palace Beach,Reggae,651772,9712,836
"Flight Facilities - 37,000 ft Mixtape (2011)",Flight Facilities,Reggae,19567,733,81
Sharam Jey & Illusionize - Shake Moove (Preview) // [OUT NOW],Sharam Jey,Reggae,802081,12953,961
Ariana Grande - Touch It (Slipenberg Remix)(FREE DOWNLOAD),Spirit Soul Mixes & Free Downloads,Reggaeton,6680740,86358,4156
"Sharam Jey, Chemical Surf & Illusionize - Bass (Preview) Out Now",Sharam Jey,Reggaeton,3514365,49758,3034
Dua Lipa 'Blow Your Mind (Mwah)' (Butch le Butch Lost Disco Version),Butch le Butch,Reggaeton,2298933,22803,691
Estilo Disco: 70s Disco Megamix Boite Discotheque,Mix80s,Reggaeton,4022144,48008,2546
Glitterbox Radio Show 132 presented by Melvo Baptiste,Glitterbox,Reggaeton,29137,702,78
The Ultimate 80's Mix,PokerT,Reggaeton,1682995,16025,659
Diana Ross - I Will Survive (Neidex Remix),0600 Records,Reggaeton,1272949,16535,1013
Get down Saturday night - Oliver Cheatham - SanFranDisko Mix #FreeDownload,SanFranDisko,Reggaeton,664213,9596,547
Sharam Jey & Daniel Fernandes - Jump Up (Preview) [OUT NOW!],Sharam Jey,Reggaeton,1407413,22638,2375
RetroMix Vol 39 (Disco Pop 70's),DJ GIAN,Reggaeton,46869,1034,210
Barry & Gibbs - Disco & House Classics - FVUK Guestmix Series,Funky Vibes UK,Reggaeton,7898,270,67
"Vokker, Schnor - I'm A Gee (Original Mix)",G-MAFIA RECORDS,Reggaeton,405366,6067,243
Deeperise Feat. Anything But Monday - Crush (Mahmut Orhan Remix),Palace Beach,Reggaeton,651776,9712,836
"Flight Facilities - 37,000 ft Mixtape (2011)",Flight Facilities,Reggaeton,19572,733,81
Sharam Jey & Illusionize - Shake Moove (Preview) // [OUT NOW],Sharam Jey,Reggaeton,802084,12953,961
Ariana Grande - Touch It (Slipenberg Remix)(FREE DOWNLOAD),Spirit Soul Mixes & Free Downloads,Rock,6680771,86358,4156
chanson,Buffering,Rock,3514370,49758,3034
Dua Lipa 'Blow Your Mind (Mwah)' (Butch le Butch Lost Disco Version),Butch le Butch,Rock,2298953,22803,691
Estilo Disco: 70s Disco Megamix Boite Discotheque,Mix80s,Rock,4022160,48007,2546
Glitterbox Radio Show 132 presented by Melvo Baptiste,Glitterbox,Rock,29142,702,78
The Ultimate 80's Mix,PokerT,Rock,1682998,16025,659
Diana Ross - I Will Survive (Neidex Remix),0600 Records,Rock,1272953,16535,1013
Get down Saturday night - Oliver Cheatham - SanFranDisko Mix #FreeDownload,SanFranDisko,Rock,664217,9596,547
Sharam Jey & Daniel Fernandes - Jump Up (Preview) [OUT NOW!],Sharam Jey,Rock,1407416,22638,2375
RetroMix Vol 39 (Disco Pop 70's),DJ GIAN,Rock,46874,1034,210
chanson,Buffering,Rock,7899,270,67
"Vokker, Schnor - I'm A Gee (Original Mix)",G-MAFIA RECORDS,Rock,405373,6067,243
Deeperise Feat. Anything But Monday - Crush (Mahmut Orhan Remix),Palace Beach,Rock,651779,9713,836
"Flight Facilities - 37,000 ft Mixtape (2011)",Flight Facilities,Rock,19576,733,81
Sharam Jey & Illusionize - Shake Moove (Preview) // [OUT NOW],Sharam Jey,Rock,802084,12953,961
Ariana Grande - Touch It (Slipenberg Remix)(FREE DOWNLOAD),Spirit Soul Mixes & Free Downloads,Soundtrack,6680791,86358,4156
"Sharam Jey, Chemical Surf & Illusionize - Bass (Preview) Out Now",Sharam Jey,Soundtrack,3514385,49758,3034
Dua Lipa 'Blow Your Mind (Mwah)' (Butch le Butch Lost Disco Version),Butch le Butch,Soundtrack,2298970,22803,691
Estilo Disco: 70s Disco Megamix Boite Discotheque,Mix80s,Soundtrack,4022180,48007,2546
Glitterbox Radio Show 132 presented by Melvo Baptiste,Glitterbox,Soundtrack,29150,702,78
The Ultimate 80's Mix,PokerT,Soundtrack,1683005,16025,659
Diana Ross - I Will Survive (Neidex Remix),0600 Records,Soundtrack,1272963,16535,1013
Get down Saturday night - Oliver Cheatham - SanFranDisko Mix #FreeDownload,SanFranDisko,Soundtrack,664223,9596,547
Sharam Jey & Daniel Fernandes - Jump Up (Preview) [OUT NOW!],Sharam Jey,Soundtrack,1407424,22638,2375
RetroMix Vol 39 (Disco Pop 70's),DJ GIAN,Soundtrack,46875,1034,210
Barry & Gibbs - Disco & House Classics - FVUK Guestmix Series,Funky Vibes UK,Soundtrack,7904,270,67
"Vokker, Schnor - I'm A Gee (Original Mix)",G-MAFIA RECORDS,Soundtrack,405376,6067,243
chanson,Buffering,Soundtrack,651785,9713,836
"Flight Facilities - 37,000 ft Mixtape (2011)",Flight Facilities,Soundtrack,19578,733,81
Sharam Jey & Illusionize - Shake Moove (Preview) // [OUT NOW],Sharam Jey,Soundtrack,802090,12953,961
Ariana Grande - Touch It (Slipenberg Remix)(FREE DOWNLOAD),Spirit Soul Mixes & Free Downloads,Techno,6680817,86359,4156
"Sharam Jey, Chemical Surf & Illusionize - Bass (Preview) Out Now",Sharam Jey,Techno,3514392,49759,3034
Dua Lipa 'Blow Your Mind (Mwah)' (Butch le Butch Lost Disco Version),Butch le Butch,Techno,2298982,22803,691
Estilo Disco: 70s Disco Megamix Boite Discotheque,Mix80s,Techno,4022194,48007,2546
Glitterbox Radio Show 132 presented by Melvo Baptiste,Glitterbox,Techno,29165,703,78
The Ultimate 80's Mix,PokerT,Techno,1683007,16025,659
Diana Ross - I Will Survive (Neidex Remix),0600 Records,Techno,1272967,16535,1013
chanson,Buffering,Techno,664233,9596,547
Sharam Jey & Daniel Fernandes - Jump Up (Preview) [OUT NOW!],Sharam Jey,Techno,1407428,22638,2375
RetroMix Vol 39 (Disco Pop 70's),DJ GIAN,Techno,46875,1034,210
Barry & Gibbs - Disco & House Classics - FVUK Guestmix Series,Funky Vibes UK,Techno,7907,270,67
"Vokker, Schnor - I'm A Gee (Original Mix)",G-MAFIA RECORDS,Techno,405381,6067,243
Deeperise Feat. Anything But Monday - Crush (Mahmut Orhan Remix),Palace Beach,Techno,651790,9713,836
"Flight Facilities - 37,000 ft Mixtape (2011)",Flight Facilities,Techno,19585,733,81
Sharam Jey & Illusionize - Shake Moove (Preview) // [OUT NOW],Sharam Jey,Techno,802091,12953,961
Ariana Grande - Touch It (Slipenberg Remix)(FREE DOWNLOAD),Spirit Soul Mixes & Free Downloads,Trance,6680834,86360,4156
"Sharam Jey, Chemical Surf & Illusionize - Bass (Preview) Out Now",Sharam Jey,Trance,3514398,49759,3034
Dua Lipa 'Blow Your Mind (Mwah)' (Butch le Butch Lost Disco Version),Butch le Butch,Trance,2298990,22803,691
Estilo Disco: 70s Disco Megamix Boite Discotheque,Mix80s,Trance,4022204,48007,2546
Glitterbox Radio Show 132 presented by Melvo Baptiste,Glitterbox,Trance,29171,704,78
The Ultimate 80's Mix,PokerT,Trance,1683012,16025,659
Diana Ross - I Will Survive (Neidex Remix),0600 Records,Trance,1272968,16535,1013
Get down Saturday night - Oliver Cheatham - SanFranDisko Mix #FreeDownload,SanFranDisko,Trance,664236,9596,547
Sharam Jey & Daniel Fernandes - Jump Up (Preview) [OUT NOW!],Sharam Jey,Trance,1407435,22638,2375
RetroMix Vol 39 (Disco Pop 70's),DJ GIAN,Trance,46877,1034,210
Barry & Gibbs - Disco & House Classics - FVUK Guestmix Series,Funky Vibes UK,Trance,7908,270,67
"Vokker, Schnor - I'm A Gee (Original Mix)",G-MAFIA RECORDS,Trance,405382,6067,243
Deeperise Feat. Anything But Monday - Crush (Mahmut Orhan Remix),Palace Beach,Trance,651792,9713,836
"Flight Facilities - 37,000 ft Mixtape (2011)",Flight Facilities,Trance,19587,733,81
Sharam Jey & Illusionize - Shake Moove (Preview) // [OUT NOW],Sharam Jey,Trance,802093,12953,961
Ariana Grande - Touch It (Slipenberg Remix)(FREE DOWNLOAD),Spirit Soul Mixes & Free Downloads,Trap,6680855,86361,4156
chanson,Buffering,Trap,3514409,49759,3034
Dua Lipa 'Blow Your Mind (Mwah)' (Butch le Butch Lost Disco Version),Butch le Butch,Trap,2299005,22803,691
Estilo Disco: 70s Disco Megamix Boite Discotheque,Mix80s,Trap,4022226,48007,2546
Glitterbox Radio Show 132 presented by Melvo Baptiste,Glitterbox,Trap,29181,704,78
The Ultimate 80's Mix,PokerT,Trap,1683015,16025,659
Diana Ross - I Will Survive (Neidex Remix),0600 Records,Trap,1272971,16535,1013
Get down Saturday night - Oliver Cheatham - SanFranDisko Mix #FreeDownload,SanFranDisko,Trap,664240,9596,547
Sharam Jey & Daniel Fernandes - Jump Up (Preview) [OUT NOW!],Sharam Jey,Trap,1407435,22638,2375
RetroMix Vol 39 (Disco Pop 70's),DJ GIAN,Trap,46877,1034,210
Best of Trip-Hop & Downtemp & Lo-Fi & Nujazz,S!X - Music,Triphop,955178,24991,1545
chanson,Buffering,Triphop,6107,75,5
Coccolino Deep - Charlie,Coccolino Deep,Triphop,214230,4990,377
East River Soul (feat. Adam Stehr),Gramatik,Triphop,145503,2120,296
October 8th {Anger Scream},Slamhaus,Triphop,1700,28,1
"The Bridge (feat. Frameworks, Lapa & Tor)",Emancipator,Triphop,22314,598,87
Oshun,Break Science,Triphop,1937,39,2
Best Of Female Vocals - special edition Trip Hop Nation Friends mixed by Paul Cheeba,Trip Hop Nation,Triphop,204395,4933,433
September 10th {Window},Slamhaus,Triphop,7566,144,5
Anonymous Ink,Edamame,Triphop,1038,18,2
Come Back,Loci Records,Triphop,170548,4264,410
Start Shootin',little people,Triphop,283227,4255,682
Baralku (Frameworks Remix),Emancipator,Triphop,6365,214,33
Nostalgic (Dustin Ngo x Mademoiselle),HAMMERHEAD,Triphop,233672,4190,484
Erratic Patterns,Carbon Based Lifeforms,Triphop,40607,813,59
Best of Trip-Hop & Downtemp & Lo-Fi & Nujazz,S!X - Music,World,955185,24991,1545
October 1st {Age},Slamhaus,World,6110,75,5
Coccolino Deep - Charlie,Coccolino Deep,World,214231,4990,377
East River Soul (feat. Adam Stehr),Gramatik,World,145506,2120,296
October 8th {Anger Scream},Slamhaus,World,1700,28,1
"The Bridge (feat. Frameworks, Lapa & Tor)",Emancipator,World,22315,598,87
Oshun,Break Science,World,1937,39,2
Best Of Female Vocals - special edition Trip Hop Nation Friends mixed by Paul Cheeba,Trip Hop Nation,World,204396,4933,433
September 10th {Window},Slamhaus,World,7567,144,5
chanson,Buffering,World,1039,18,2
Come Back,Loci Records,World,170548,4264,410
Start Shootin',little people,World,283228,4255,682
Baralku (Frameworks Remix),Emancipator,World,6366,214,33
Nostalgic (Dustin Ngo x Mademoiselle),HAMMERHEAD,World,233673,4190,484
Erratic Patterns,Carbon Based Lifeforms,World,40607,813,59
Best of Trip-Hop & Downtemp & Lo-Fi & Nujazz,S!X - Music,Audiobooks,955187,24991,1545
October 1st {Age},Slamhaus,Audiobooks,6110,75,5
chanson,Buffering,Audiobooks,214231,4990,377
chanson,Buffering,Audiobooks,145507,2120,296
October 8th {Anger Scream},Slamhaus,Audiobooks,1701,28,1
"The Bridge (feat. Frameworks, Lapa & Tor)",Emancipator,Audiobooks,22316,598,87
Oshun,Break Science,Audiobooks,1937,39,2
Best Of Female Vocals - special edition Trip Hop Nation Friends mixed by Paul Cheeba,Trip Hop Nation,Audiobooks,204398,4933,433
September 10th {Window},Slamhaus,Audiobooks,7567,144,5
Anonymous Ink,Edamame,Audiobooks,1040,18,2
Come Back,Loci Records,Audiobooks,170548,4264,410
Start Shootin',little people,Audiobooks,283228,4255,682
Baralku (Frameworks Remix),Emancipator,Audiobooks,6367,214,33
Nostalgic (Dustin Ngo x Mademoiselle),HAMMERHEAD,Audiobooks,233674,4190,484
Erratic Patterns,Carbon Based Lifeforms,Audiobooks,40607,813,59
chanson,Buffering,Business,955189,24991,1545
October 1st {Age},Slamhaus,Business,6111,75,5
Coccolino Deep - Charlie,Coccolino Deep,Business,214231,4990,377
East River Soul (feat. Adam Stehr),Gramatik,Business,145509,2120,296
October 8th {Anger Scream},Slamhaus,Business,1702,28,1
"The Bridge (feat. Frameworks, Lapa & Tor)",Emancipator,Business,22317,598,87
Oshun,Break Science,Business,1938,39,2
chanson,Buffering,Business,204398,4933,433
September 10th {Window},Slamhaus,Business,7569,144,5
Anonymous Ink,Edamame,Business,1040,18,2
Come Back,Loci Records,Business,170548,4264,410
Start Shootin',little people,Business,283229,4255,682
Baralku (Frameworks Remix),Emancipator,Business,6368,214,33
Nostalgic (Dustin Ngo x Mademoiselle),HAMMERHEAD,Business,233674,4190,484
Erratic Patterns,Carbon Based Lifeforms,Business,40607,813,59
Best of Trip-Hop & Downtemp & Lo-Fi & Nujazz,S!X - Music,Comedy,955196,24991,1545
chanson,Buffering,Comedy,6113,75,5
chanson,Buffering,Comedy,214234,4990,377
East River Soul (feat. Adam Stehr),Gramatik,Comedy,145510,2120,296
October 8th {Anger Scream},Slamhaus,Comedy,1703,28,1
"The Bridge (feat. Frameworks, Lapa & Tor)",Emancipator,Comedy,22317,598,87
Oshun,Break Science,Comedy,1939,39,2
Best Of Female Vocals - special edition Trip Hop Nation Friends mixed by Paul Cheeba,Trip Hop Nation,Comedy,204399,4933,433
chanson,Buffering,Comedy,7570,144,5
Anonymous Ink,Edamame,Comedy,1042,18,2
Come Back,Loci Records,Comedy,170549,4264,410
Start Shootin',little people,Comedy,283230,4255,682
Baralku (Frameworks Remix),Emancipator,Comedy,6368,214,33
Nostalgic (Dustin Ngo x Mademoiselle),HAMMERHEAD,Comedy,233674,4190,484
Erratic Patterns,Carbon Based Lifeforms,Comedy,40608,813,59
Best of Trip-Hop & Downtemp & Lo-Fi & Nujazz,S!X - Music,Entertainment,955200,24991,1545
October 1st {Age},Slamhaus,Entertainment,6117,75,5
Coccolino Deep - Charlie,Coccolino Deep,Entertainment,214237,4990,377
East River Soul (feat. Adam Stehr),Gramatik,Entertainment,145510,2120,296
October 8th {Anger Scream},Slamhaus,Entertainment,1704,28,1
"The Bridge (feat. Frameworks, Lapa & Tor)",Emancipator,Entertainment,22317,598,87
Oshun,Break Science,Entertainment,1939,39,2
Best Of Female Vocals - special edition Trip Hop Nation Friends mixed by Paul Cheeba,Trip Hop Nation,Entertainment,204399,4933,433
September 10th {Window},Slamhaus,Entertainment,7572,144,5
Anonymous Ink,Edamame,Entertainment,1042,18,2
Come Back,Loci Records,Entertainment,170549,4264,410
Start Shootin',little people,Entertainment,283230,4255,682
Baralku (Frameworks Remix),Emancipator,Entertainment,6368,214,33
chanson,Buffering,Entertainment,233675,4190,484
Lost But Won,LifeLeveler,Learning,1404479,19205,820
"TTMIK Level 1 Lesson 1 - Hello, Thank you",TalkToMeInKorean,Learning,910360,6159,241
Ryo Fukaura: Liszt - Hungarian Rhapsody No.2,UCL,Learning,336856,5177,322
chanson,Buffering,Learning,2571,96,2
?????? ???? ?? ???? ??????? (????? ???? ??????????),5 In The Afternoon |  ??? ??? ?? ?????? ?????,Learning,180362,2028,308
1,LinguaLeo,Learning,70033,18,1
26609,LinguaLeo,Learning,669133,102,27
30771,LinguaLeo,Learning,651132,52,35
"TTMIK Level 1 Lesson 2 - Yes, No, What",TalkToMeInKorean,Learning,365769,2817,123
26604,LinguaLeo,Learning,570008,38,18
30769,LinguaLeo,Learning,651876,60,26
"TTMIK Level 1 Lesson 3 - Good-bye, See you",TalkToMeInKorean,Learning,294201,1793,52
30768,LinguaLeo,Learning,349161,39,25
chanson,Buffering,Learning,313885,1774,53
Lost But Won,LifeLeveler,News & Politics,1404479,19205,820
chanson,Buffering,News & Politics,910360,6159,241
Ryo Fukaura: Liszt - Hungarian Rhapsody No.2,UCL,News & Politics,336857,5177,322
"Thomas Tidlund, ""Stop Stopping & Start Starting""","ENVP, Donna Johnson",News & Politics,2572,96,2
?????? ???? ?? ???? ??????? (????? ???? ??????????),5 In The Afternoon |  ??? ??? ?? ?????? ?????,News & Politics,180364,2028,308
1,LinguaLeo,News & Politics,70034,18,1
26609,LinguaLeo,News & Politics,669133,102,27
30771,LinguaLeo,News & Politics,651136,52,35
"TTMIK Level 1 Lesson 2 - Yes, No, What",TalkToMeInKorean,News & Politics,365769,2817,123
26604,LinguaLeo,News & Politics,570009,38,18
30769,LinguaLeo,News & Politics,651877,60,26
"TTMIK Level 1 Lesson 3 - Good-bye, See you",TalkToMeInKorean,News & Politics,294202,1793,52
30768,LinguaLeo,News & Politics,349161,39,25
"TTMIK Level 1 Lesson 4 - I'm sorry, Excuse me",TalkToMeInKorean,News & Politics,313887,1774,53
Lost But Won,LifeLeveler,Religion & Spirituality,1404480,19205,820
"TTMIK Level 1 Lesson 1 - Hello, Thank you",TalkToMeInKorean,Religion & Spirituality,910364,6159,241
Ryo Fukaura: Liszt - Hungarian Rhapsody No.2,UCL,Religion & Spirituality,336857,5177,322
chanson,Buffering,Religion & Spirituality,2572,96,2
?????? ???? ?? ???? ??????? (????? ???? ??????????),5 In The Afternoon |  ??? ??? ?? ?????? ?????,Religion & Spirituality,180368,2028,308
1,LinguaLeo,Religion & Spirituality,70036,18,1
26609,LinguaLeo,Religion & Spirituality,669135,102,27
30771,LinguaLeo,Religion & Spirituality,651137,52,35
"TTMIK Level 1 Lesson 2 - Yes, No, What",TalkToMeInKorean,Religion & Spirituality,365769,2817,123
26604,LinguaLeo,Religion & Spirituality,570010,38,18
30769,LinguaLeo,Religion & Spirituality,651878,60,26
"TTMIK Level 1 Lesson 3 - Good-bye, See you",TalkToMeInKorean,Religion & Spirituality,294204,1793,52
30768,LinguaLeo,Religion & Spirituality,349162,39,25
"TTMIK Level 1 Lesson 4 - I'm sorry, Excuse me",TalkToMeInKorean,Religion & Spirituality,313887,1774,53
Lost But Won,LifeLeveler,Science,1404481,19205,820
"TTMIK Level 1 Lesson 1 - Hello, Thank you",TalkToMeInKorean,Science,910365,6159,241
chanson,Buffering,Science,336857,5177,322
chanson,Buffering,Science,2573,96,2
?????? ???? ?? ???? ??????? (????? ???? ??????????),5 In The Afternoon |  ??? ??? ?? ?????? ?????,Science,180370,2028,308
1,LinguaLeo,Science,70036,18,1
26609,LinguaLeo,Science,669135,102,27
30771,LinguaLeo,Science,651141,52,35
"TTMIK Level 1 Lesson 2 - Yes, No, What",TalkToMeInKorean,Science,365769,2817,123
26604,LinguaLeo,Science,570011,38,18
30769,LinguaLeo,Science,651879,60,26
"TTMIK Level 1 Lesson 3 - Good-bye, See you",TalkToMeInKorean,Science,294204,1793,52
30768,LinguaLeo,Science,349164,39,25
"TTMIK Level 1 Lesson 4 - I'm sorry, Excuse me",TalkToMeInKorean,Science,313887,1774,53
Lost But Won,LifeLeveler,Sports,1404488,19205,820
chanson,Buffering,Sports,910368,6159,241
Ryo Fukaura: Liszt - Hungarian Rhapsody No.2,UCL,Sports,336860,5177,322
"Thomas Tidlund, ""Stop Stopping & Start Starting""","ENVP, Donna Johnson",Sports,2573,96,2
?????? ???? ?? ???? ??????? (????? ???? ??????????),5 In The Afternoon |  ??? ??? ?? ?????? ?????,Sports,180371,2028,308
1,LinguaLeo,Sports,70039,18,1
26609,LinguaLeo,Sports,669138,102,27
30771,LinguaLeo,Sports,651142,52,35
"TTMIK Level 1 Lesson 2 - Yes, No, What",TalkToMeInKorean,Sports,365769,2817,123
26604,LinguaLeo,Sports,570012,38,18
30769,LinguaLeo,Sports,651880,60,26
"TTMIK Level 1 Lesson 3 - Good-bye, See you",TalkToMeInKorean,Sports,294205,1793,52
30768,LinguaLeo,Sports,349164,39,25
"TTMIK Level 1 Lesson 4 - I'm sorry, Excuse me",TalkToMeInKorean,Sports,313888,1774,53
Lost But Won,LifeLeveler,Storytelling,1404491,19205,820
"TTMIK Level 1 Lesson 1 - Hello, Thank you",TalkToMeInKorean,Storytelling,910372,6159,241
Ryo Fukaura: Liszt - Hungarian Rhapsody No.2,UCL,Storytelling,336861,5177,322
"Thomas Tidlund, ""Stop Stopping & Start Starting""","ENVP, Donna Johnson",Storytelling,2573,96,2
?????? ???? ?? ???? ??????? (????? ???? ??????????),5 In The Afternoon |  ??? ??? ?? ?????? ?????,Storytelling,180376,2028,308
1,LinguaLeo,Storytelling,70040,18,1
26609,LinguaLeo,Storytelling,669139,102,27
30771,LinguaLeo,Storytelling,651142,52,35
chanson,Buffering,Storytelling,365772,2817,123
26604,LinguaLeo,Storytelling,570012,38,18
30769,LinguaLeo,Storytelling,651881,60,26
"TTMIK Level 1 Lesson 3 - Good-bye, See you",TalkToMeInKorean,Storytelling,294205,1793,52
30768,LinguaLeo,Storytelling,349165,39,25
"TTMIK Level 1 Lesson 4 - I'm sorry, Excuse me",TalkToMeInKorean,Storytelling,313888,1774,53
Lost But Won,LifeLeveler,Technology,1404494,19205,820
chanson,Buffering,Technology,910372,6159,241
Ryo Fukaura: Liszt - Hungarian Rhapsody No.2,UCL,Technology,336863,5177,322
"Thomas Tidlund, ""Stop Stopping & Start Starting""","ENVP, Donna Johnson",Technology,2573,96,2
?????? ???? ?? ???? ??????? (????? ???? ??????????),5 In The Afternoon |  ??? ??? ?? ?????? ?????,Technology,180377,2028,308
1,LinguaLeo,Technology,70045,18,1
26609,LinguaLeo,Technology,669140,102,27
30771,LinguaLeo,Technology,651143,52,35
"TTMIK Level 1 Lesson 2 - Yes, No, What",TalkToMeInKorean,Technology,365774,2817,123
26604,LinguaLeo,Technology,570015,38,18
30769,LinguaLeo,Technology,651882,60,26
"TTMIK Level 1 Lesson 3 - Good-bye, See you",TalkToMeInKorean,Technology,294205,1793,52
chanson,Buffering,Technology,349165,39,25
"TTMIK Level 1 Lesson 4 - I'm sorry, Excuse me",TalkToMeInKorean,Technology,313888,1774,53
