,song,chanteur,genre,play,like,repost
0,Lil Peep & XXXTENTACION - Falling Down,a??LiL PEEPa??,Alternative Rock,"81,818,952 plays","1,311,757 likes","57,401 reposts"
1,Riptide,Vance  Joy,Alternative Rock,"38,180,415 plays","522,994 likes","56,818 reposts"
2,Lil Peep & ILoveMakonnen - Sunlight On Your Skin,a??LiL PEEPa??,Alternative Rock,"11,030,294 plays","174,695 likes","10,070 reposts"
3,cavetown - this is home/cut my hair e?£¤?,sadvibesonly,Alternative Rock,"6,160,544 plays","85,002 likes","2,268 reposts"
4,let me die (prod. lilhappylilsad),lil happy lil sad,Alternative Rock,"3,899,861 plays","55,802 likes","2,281 reposts"
5,zillakami - frailty,xxxtentacion,Alternative Rock,"925,867 plays","16,369 likes",495 reposts
6,Green Day - Basket Case,BURGER RECORDS,Alternative Rock,"10,764,233 plays","167,051 likes","6,179 reposts"
7,twenty one pilots - Heathens (Punk Goes Pop Style Cover) Suicide Squad,Number 8,Alternative Rock,"6,587,157 plays","94,888 likes","2,617 reposts"
8,Red Hot Chilli Peppers-Can't Stop,Miraj,Alternative Rock,"9,217,647 plays","158,537 likes","6,829 reposts"
9,Lil Peep - I Feel Like I'm Still Alive,a??LiL PEEPa??,Alternative Rock,"79,807 plays","2,087 likes",47 reposts
10,Phoenix - Worlds 2019 - League Of Legends,Giovani Baldan,Alternative Rock,"62,722 plays","1,663 likes",46 reposts
11,Mr. Brightside,tealoversunite,Alternative Rock,"2,385,356 plays","36,912 likes",676 reposts
12,Paramore - Still Into You,Fueled By Ramen,Alternative Rock,"8,435,128 plays","135,911 likes","8,905 reposts"
13,bad love breaks hearts (feat. euan) (prod. hxrxkiller),heroine diaries,Alternative Rock,"1,330,211 plays","24,707 likes",689 reposts
14,Superman Is Dead - Sunset Di Tanah Anarki (USA),SigitBt,Alternative Rock,"4,297,693 plays","64,710 likes","1,985 reposts"
15,30 Minute Deep Sleep Music-Calming Music Relaxing Music Soothing Music(Link Below for Long Version),T Mega,Ambient,"10,224,835 plays","147,978 likes","4,807 reposts"
16,Relaxing Rain and Loud Thunder (Free Field Recording of Nature Sounds for Sleep or Meditation Mp3),R.J. Stefanski,Ambient,"9,839,827 plays","28,878 likes","1,233 reposts"
17,The Light (Acoustic Version),Armada Music,Ambient,"4,344,946 plays","70,674 likes","2,606 reposts"
18,Reiki Zen Meditation Music | Relax your Mind and Body | Soothing Music,Spiritual Moment,Ambient,"9,736,607 plays","155,706 likes","5,213 reposts"
19,Delectatio - Numinous [Silk Music],Silk Music,Ambient,"2,606,864 plays","39,341 likes","1,104 reposts"
20,The Eden Project - Circles,SyrebralVibes,Ambient,"14,648,801 plays","231,365 likes","12,380 reposts"
21,Rain & Ocean Waves Storm Sounds for Sleep (75 Minutes),Relaxing White Noise,Ambient,"879,375 plays","9,001 likes",216 reposts
22,,Buffering,Ambient,"1,856,853 plays","30,975 likes","2,549 reposts"
23,,Buffering,Ambient,"2,719,562 plays","75,903 likes","28,288 reposts"
24,Spiritual Ascension Music | Healing Voices | Sleep Background - Meditation - Reiki - Yoga - Study,Spiritual Moment,Ambient,"5,811,909 plays","74,402 likes","2,833 reposts"
25,3 HOURS Relaxing Music   Yoga Background   Meditation   Spa   Massage   Sleep   Study[1],Kait?2-?3 Con Botas,Ambient,"4,315,544 plays","52,010 likes","1,867 reposts"
26,"Ultra Sleep Tibetan Music: Sleep Hypnosis, Music for Deep Sleep",Spiritual Moment,Ambient,"2,277,619 plays","27,861 likes",824 reposts
27,"Relaxing Rain and Thunder Sound , Sleep Meditation",Ibne Waheedi,Ambient,"5,363,831 plays","60,115 likes","3,243 reposts"
28,"Thunderstorm Sounds(Long Recording) Relaxing Rain & Thunder Sounds for Sleep, Insomnia or Study e??¡ì???",Rain Sounds Club,Ambient,"479,580 plays","5,287 likes",114 reposts
29,"Deep Shamanic Meditation- Relaxing Powerful Meditation Music For Deep Relaxation, Sleep Music 030",user9175165,Ambient,"3,788,099 plays","55,470 likes","2,167 reposts"
30,As she passes,Levi Patel,Classical,"9,400,033 plays","161,827 likes","5,993 reposts"
31,Coke Studio Season 12 | Wohi Khuda Hai | Atif Aslam,CokeStudio,Classical,"70,092 plays","5,000 likes",450 reposts
32,We Move Lightly,Dustinohalloran,Classical,"6,364,400 plays","94,397 likes","4,156 reposts"
33,"Tu Kuja Man Kuja, Shiraz Uppal & Rafaqat Ali Khan, Season Finale, Coke Studio Season 9",CokeStudio,Classical,"10,874,661 plays","268,165 likes","9,532 reposts"
34,,Buffering,Classical,"628,419 plays","25,645 likes","1,183 reposts"
35,Mark Eliyahu - Journey,Safena,Classical,"4,285,951 plays","91,299 likes","7,536 reposts"
36,"Afreen Afreen, Rahat Fateh Ali Khan & Momina Mustehsan, Episode 2, Coke Studio 9",CokeStudio,Classical,"16,152,723 plays","329,018 likes","15,575 reposts"
37,Otj¨¢nbird Pt. I,Spheri¨¢,Classical,"1,572,987 plays","16,203 likes","1,006 reposts"
38,Clair de Lune,Claude Debussy,Classical,"3,107,058 plays","33,351 likes","2,155 reposts"
39,"Chopin Nocturne in F Minor-Op. 55, No 1 (Variation) Piano, Violin, Cello - Chad Lawson",chad lawson,Classical,"6,907,950 plays","115,796 likes","11,065 reposts"
40,SAD PIANO - Violin -  Cant Forgive ?? ?? (Ballad),Ahmed Gado,Classical,"8,757,878 plays","144,805 likes","18,966 reposts"
41,Bedtime Baby Lullaby Classical Music Mozart Bach Beethoven Pachelbel Sleep Music 1 Hour,Bonifansius,Classical,"3,943,637 plays","59,688 likes","3,013 reposts"
42,Brahms' Lullaby - Orchestral Musicbox Lullaby For Babies - (Free Download),Wonderful Lullabies,Classical,"1,622,998 plays","9,425 likes",404 reposts
43,Mozart - Requiem in D minor Complete Full,Jack Villano Villano,Classical,"4,331,220 plays","79,658 likes","5,056 reposts"
44,Ikuko Kawai - El Choclo (Kiss Of Fire),Gooshe5,Classical,"1,382,913 plays","31,216 likes","3,916 reposts"
45,As she passes,Levi Patel,Country,"9,400,064 plays","161,827 likes","5,993 reposts"
46,Coke Studio Season 12 | Wohi Khuda Hai | Atif Aslam,CokeStudio,Country,"70,111 plays","5,000 likes",450 reposts
47,We Move Lightly,Dustinohalloran,Country,"6,364,422 plays","94,398 likes","4,156 reposts"
48,"Tu Kuja Man Kuja, Shiraz Uppal & Rafaqat Ali Khan, Season Finale, Coke Studio Season 9",CokeStudio,Country,"10,874,669 plays","268,165 likes","9,532 reposts"
49,Qabeel OST - ??? ????? ?? ???? ????? ??? ?? ??????,Khaled Al Kammar,Country,"628,428 plays","25,645 likes","1,183 reposts"
50,Mark Eliyahu - Journey,Safena,Country,"4,285,963 plays","91,300 likes","7,536 reposts"
51,"Afreen Afreen, Rahat Fateh Ali Khan & Momina Mustehsan, Episode 2, Coke Studio 9",CokeStudio,Country,"16,152,736 plays","329,018 likes","15,575 reposts"
52,Otj¨¢nbird Pt. I,Spheri¨¢,Country,"1,572,997 plays","16,203 likes","1,006 reposts"
53,Clair de Lune,Claude Debussy,Country,"3,107,073 plays","33,351 likes","2,155 reposts"
54,"Chopin Nocturne in F Minor-Op. 55, No 1 (Variation) Piano, Violin, Cello - Chad Lawson",chad lawson,Country,"6,907,962 plays","115,796 likes","11,065 reposts"
55,SAD PIANO - Violin -  Cant Forgive ?? ?? (Ballad),Ahmed Gado,Country,"8,757,897 plays","144,805 likes","18,966 reposts"
56,Bedtime Baby Lullaby Classical Music Mozart Bach Beethoven Pachelbel Sleep Music 1 Hour,Bonifansius,Country,"3,943,645 plays","59,688 likes","3,013 reposts"
57,Brahms' Lullaby - Orchestral Musicbox Lullaby For Babies - (Free Download),Wonderful Lullabies,Country,"1,623,005 plays","9,425 likes",404 reposts
58,Mozart - Requiem in D minor Complete Full,Jack Villano Villano,Country,"4,331,225 plays","79,658 likes","5,056 reposts"
59,Ikuko Kawai - El Choclo (Kiss Of Fire),Gooshe5,Country,"1,382,920 plays","31,217 likes","3,916 reposts"
60,As she passes,Levi Patel,Dance & EDM,"9,400,093 plays","161,827 likes","5,993 reposts"
61,Ride It,Dj Regard,Dance & EDM,"2,123,729 plays","47,087 likes","1,110 reposts"
62,Piece Of Your Heart (feat. Goodboys),MEDUZA,Dance & EDM,"12,608,907 plays","224,563 likes","7,870 reposts"
63,The Chainsmokers - Don't Let Me Down (Illenium Remix),ILLENIUM,Dance & EDM,"114,127,237 plays","1,822,237 likes","157,799 reposts"
64,Martin Garrix & Bebe Rexha - In The Name Of Love,Martin Garrix,Dance & EDM,"70,295,717 plays","1,216,083 likes","84,824 reposts"
65,Alone (Original Mix),marshmello,Dance & EDM,"59,422,634 plays","944,669 likes","67,908 reposts"
66,Phoebe Ryan - Mine (Elephante Remix),Elephante,Dance & EDM,"16,305,739 plays","331,289 likes","16,636 reposts"
67,Riton x Oliver Heldens - Turn Me On ft. Vula,Oliver Heldens,Dance & EDM,"496,866 plays","18,239 likes","1,167 reposts"
68,"Taki Taki (feat. Selena Gomez, Ozuna & Cardi B)",DJ SNAKE,Dance & EDM,"61,713,899 plays","500,268 likes","13,245 reposts"
69,Sia - Cheap Thrills Ft. Sean Paul (Bruno Torres Remix),Bruno Torres Remixes,Dance & EDM,"38,701,544 plays","592,801 likes","21,977 reposts"
70,Lose Control,MEDUZA,Dance & EDM,"158,047 plays","7,582 likes",596 reposts
71,Clean Bandit - Rockabye Ft. Sean Paul & Anne - Marie  ( Dj.IsI Rework ),Dj IsI,Dance & EDM,"28,389,586 plays","470,589 likes","16,369 reposts"
72,,Unavailable,Dance & EDM,"13,049,619 plays","241,966 likes","12,347 reposts"
73,,Unavailable,Dance & EDM,"70,622,123 plays","1,055,620 likes","116,051 reposts"
74,"K-391 - Ignite (feat. Alan Walker, Julie Bergan & Seungri)",WindFair,Dance & EDM,"8,528,703 plays","129,212 likes","2,774 reposts"
75,The Chainsmokers Ft. GGFO - Let You Go (Aash Mehta Remix)[Free Download],Aash Mehta,Dance & EDM,"6,903,555 plays","104,997 likes","4,204 reposts"
76,Ride It,Dj Regard,Dancehall,"2,123,855 plays","47,090 likes","1,110 reposts"
77,Piece Of Your Heart (feat. Goodboys),MEDUZA,Dancehall,"12,608,993 plays","224,563 likes","7,870 reposts"
78,,Buffering,Dancehall,"114,127,366 plays","1,822,239 likes","157,799 reposts"
79,Martin Garrix & Bebe Rexha - In The Name Of Love,Martin Garrix,Dancehall,"70,295,826 plays","1,216,084 likes","84,824 reposts"
80,Alone (Original Mix),marshmello,Dancehall,"59,422,689 plays","944,669 likes","67,908 reposts"
81,Phoebe Ryan - Mine (Elephante Remix),Elephante,Dancehall,"16,305,842 plays","331,293 likes","16,636 reposts"
82,Riton x Oliver Heldens - Turn Me On ft. Vula,Oliver Heldens,Dancehall,"496,931 plays","18,239 likes","1,167 reposts"
83,"Taki Taki (feat. Selena Gomez, Ozuna & Cardi B)",DJ SNAKE,Dancehall,"61,713,950 plays","500,269 likes","13,245 reposts"
84,Sia - Cheap Thrills Ft. Sean Paul (Bruno Torres Remix),Bruno Torres Remixes,Dancehall,"38,701,631 plays","592,801 likes","21,977 reposts"
85,Lose Control,MEDUZA,Dancehall,"158,093 plays","7,583 likes",596 reposts
86,Clean Bandit - Rockabye Ft. Sean Paul & Anne - Marie  ( Dj.IsI Rework ),Dj IsI,Dancehall,"28,389,639 plays","470,589 likes","16,369 reposts"
87,,Unavailable,Dancehall,"13,049,656 plays","241,967 likes","12,347 reposts"
88,,Unavailable,Dancehall,"70,622,175 plays","1,055,620 likes","116,051 reposts"
89,"K-391 - Ignite (feat. Alan Walker, Julie Bergan & Seungri)",WindFair,Dancehall,"8,528,768 plays","129,213 likes","2,774 reposts"
90,,Buffering,Dancehall,"6,903,636 plays","104,999 likes","4,204 reposts"
91,,Buffering,Deep House,"2,123,967 plays","47,091 likes","1,110 reposts"
92,Piece Of Your Heart (feat. Goodboys),MEDUZA,Deep House,"12,609,094 plays","224,565 likes","7,870 reposts"
93,The Chainsmokers - Don't Let Me Down (Illenium Remix),ILLENIUM,Deep House,"114,127,503 plays","1,822,240 likes","157,799 reposts"
94,Martin Garrix & Bebe Rexha - In The Name Of Love,Martin Garrix,Deep House,"70,295,895 plays","1,216,085 likes","84,824 reposts"
95,Alone (Original Mix),marshmello,Deep House,"59,422,748 plays","944,669 likes","67,908 reposts"
96,Phoebe Ryan - Mine (Elephante Remix),Elephante,Deep House,"16,305,943 plays","331,294 likes","16,636 reposts"
97,Riton x Oliver Heldens - Turn Me On ft. Vula,Oliver Heldens,Deep House,"497,002 plays","18,240 likes","1,167 reposts"
98,"Taki Taki (feat. Selena Gomez, Ozuna & Cardi B)",DJ SNAKE,Deep House,"61,713,999 plays","500,269 likes","13,245 reposts"
99,Sia - Cheap Thrills Ft. Sean Paul (Bruno Torres Remix),Bruno Torres Remixes,Deep House,"38,701,702 plays","592,802 likes","21,977 reposts"
100,Lose Control,MEDUZA,Deep House,"158,144 plays","7,583 likes",596 reposts
101,Clean Bandit - Rockabye Ft. Sean Paul & Anne - Marie  ( Dj.IsI Rework ),Dj IsI,Deep House,"28,389,687 plays","470,589 likes","16,369 reposts"
102,,Unavailable,Deep House,"13,049,694 plays","241,966 likes","12,347 reposts"
103,,Unavailable,Deep House,"70,622,226 plays","1,055,619 likes","116,051 reposts"
104,"K-391 - Ignite (feat. Alan Walker, Julie Bergan & Seungri)",WindFair,Deep House,"8,528,824 plays","129,215 likes","2,774 reposts"
105,Ariana Grande - Touch It (Slipenberg Remix)(FREE DOWNLOAD),Spirit Soul Mixes & Free Downloads,Disco,"6,680,312 plays","86,355 likes","4,156 reposts"
106,"Sharam Jey, Chemical Surf & Illusionize - Bass (Preview) Out Now",Sharam Jey,Disco,"3,514,191 plays","49,755 likes","3,034 reposts"
107,Dua Lipa 'Blow Your Mind (Mwah)' (Butch le Butch Lost Disco Version),Butch le Butch,Disco,"2,298,758 plays","22,802 likes",691 reposts
108,Estilo Disco: 70s Disco Megamix Boite Discotheque,Mix80s,Disco,"4,021,996 plays","48,006 likes","2,546 reposts"
109,Glitterbox Radio Show 132 presented by Melvo Baptiste,Glitterbox,Disco,"29,041 plays",701 likes,78 reposts
110,The Ultimate 80's Mix,PokerT,Disco,"1,682,923 plays","16,024 likes",659 reposts
111,Diana Ross - I Will Survive (Neidex Remix),0600 Records,Disco,"1,272,874 plays","16,534 likes","1,013 reposts"
112,Get down Saturday night - Oliver Cheatham - SanFranDisko Mix #FreeDownload,SanFranDisko,Disco,"664,147 plays","9,595 likes",547 reposts
113,Sharam Jey & Daniel Fernandes - Jump Up (Preview) [OUT NOW!],Sharam Jey,Disco,"1,407,352 plays","22,638 likes","2,375 reposts"
114,RetroMix Vol 39 (Disco Pop 70's),DJ GIAN,Disco,"46,847 plays","1,034 likes",210 reposts
115,Barry & Gibbs - Disco & House Classics - FVUK Guestmix Series,Funky Vibes UK,Disco,"7,847 plays",270 likes,67 reposts
116,"Vokker, Schnor - I'm A Gee (Original Mix)",G-MAFIA RECORDS,Disco,"405,323 plays","6,067 likes",243 reposts
117,Deeperise Feat. Anything But Monday - Crush (Mahmut Orhan Remix),Palace Beach,Disco,"651,727 plays","9,712 likes",836 reposts
118,"Flight Facilities - 37,000 ft Mixtape (2011)",Flight Facilities,Disco,"19,525 plays",733 likes,81 reposts
119,Sharam Jey & Illusionize - Shake Moove (Preview) // [OUT NOW],Sharam Jey,Disco,"802,039 plays","12,953 likes",961 reposts
120,Ariana Grande - Touch It (Slipenberg Remix)(FREE DOWNLOAD),Spirit Soul Mixes & Free Downloads,Drum & Bass,"6,680,340 plays","86,356 likes","4,156 reposts"
121,"Sharam Jey, Chemical Surf & Illusionize - Bass (Preview) Out Now",Sharam Jey,Drum & Bass,"3,514,200 plays","49,756 likes","3,034 reposts"
122,Dua Lipa 'Blow Your Mind (Mwah)' (Butch le Butch Lost Disco Version),Butch le Butch,Drum & Bass,"2,298,769 plays","22,803 likes",691 reposts
123,Estilo Disco: 70s Disco Megamix Boite Discotheque,Mix80s,Drum & Bass,"4,022,003 plays","48,006 likes","2,546 reposts"
124,Glitterbox Radio Show 132 presented by Melvo Baptiste,Glitterbox,Drum & Bass,"29,045 plays",701 likes,78 reposts
125,The Ultimate 80's Mix,PokerT,Drum & Bass,"1,682,924 plays","16,024 likes",659 reposts
126,Diana Ross - I Will Survive (Neidex Remix),0600 Records,Drum & Bass,"1,272,879 plays","16,534 likes","1,013 reposts"
127,,Buffering,Drum & Bass,"664,152 plays","9,595 likes",547 reposts
128,Sharam Jey & Daniel Fernandes - Jump Up (Preview) [OUT NOW!],Sharam Jey,Drum & Bass,"1,407,356 plays","22,638 likes","2,375 reposts"
129,RetroMix Vol 39 (Disco Pop 70's),DJ GIAN,Drum & Bass,"46,850 plays","1,034 likes",210 reposts
130,Barry & Gibbs - Disco & House Classics - FVUK Guestmix Series,Funky Vibes UK,Drum & Bass,"7,853 plays",270 likes,67 reposts
131,"Vokker, Schnor - I'm A Gee (Original Mix)",G-MAFIA RECORDS,Drum & Bass,"405,328 plays","6,067 likes",243 reposts
132,Deeperise Feat. Anything But Monday - Crush (Mahmut Orhan Remix),Palace Beach,Drum & Bass,"651,732 plays","9,712 likes",836 reposts
133,"Flight Facilities - 37,000 ft Mixtape (2011)",Flight Facilities,Drum & Bass,"19,529 plays",733 likes,81 reposts
134,Sharam Jey & Illusionize - Shake Moove (Preview) // [OUT NOW],Sharam Jey,Drum & Bass,"802,041 plays","12,953 likes",961 reposts
135,Ariana Grande - Touch It (Slipenberg Remix)(FREE DOWNLOAD),Spirit Soul Mixes & Free Downloads,Dubstep,"6,680,367 plays","86,357 likes","4,156 reposts"
136,"Sharam Jey, Chemical Surf & Illusionize - Bass (Preview) Out Now",Sharam Jey,Dubstep,"3,514,219 plays","49,756 likes","3,034 reposts"
137,Dua Lipa 'Blow Your Mind (Mwah)' (Butch le Butch Lost Disco Version),Butch le Butch,Dubstep,"2,298,779 plays","22,803 likes",691 reposts
138,Estilo Disco: 70s Disco Megamix Boite Discotheque,Mix80s,Dubstep,"4,022,010 plays","48,006 likes","2,546 reposts"
139,Glitterbox Radio Show 132 presented by Melvo Baptiste,Glitterbox,Dubstep,"29,050 plays",701 likes,78 reposts
140,,Buffering,Dubstep,"1,682,926 plays","16,024 likes",659 reposts
141,Diana Ross - I Will Survive (Neidex Remix),0600 Records,Dubstep,"1,272,883 plays","16,534 likes","1,013 reposts"
142,,Buffering,Dubstep,"664,156 plays","9,595 likes",547 reposts
143,,Buffering,Dubstep,"1,407,363 plays","22,638 likes","2,375 reposts"
144,RetroMix Vol 39 (Disco Pop 70's),DJ GIAN,Dubstep,"46,850 plays","1,034 likes",210 reposts
145,Barry & Gibbs - Disco & House Classics - FVUK Guestmix Series,Funky Vibes UK,Dubstep,"7,854 plays",270 likes,67 reposts
146,"Vokker, Schnor - I'm A Gee (Original Mix)",G-MAFIA RECORDS,Dubstep,"405,332 plays","6,067 likes",243 reposts
147,Deeperise Feat. Anything But Monday - Crush (Mahmut Orhan Remix),Palace Beach,Dubstep,"651,739 plays","9,712 likes",836 reposts
148,,Buffering,Dubstep,"19,531 plays",733 likes,81 reposts
149,Sharam Jey & Illusionize - Shake Moove (Preview) // [OUT NOW],Sharam Jey,Dubstep,"802,043 plays","12,953 likes",961 reposts
150,Ariana Grande - Touch It (Slipenberg Remix)(FREE DOWNLOAD),Spirit Soul Mixes & Free Downloads,Electronic,"6,680,402 plays","86,357 likes","4,156 reposts"
151,"Sharam Jey, Chemical Surf & Illusionize - Bass (Preview) Out Now",Sharam Jey,Electronic,"3,514,232 plays","49,756 likes","3,034 reposts"
152,Dua Lipa 'Blow Your Mind (Mwah)' (Butch le Butch Lost Disco Version),Butch le Butch,Electronic,"2,298,787 plays","22,803 likes",691 reposts
153,Estilo Disco: 70s Disco Megamix Boite Discotheque,Mix80s,Electronic,"4,022,023 plays","48,006 likes","2,546 reposts"
154,Glitterbox Radio Show 132 presented by Melvo Baptiste,Glitterbox,Electronic,"29,061 plays",701 likes,78 reposts
155,The Ultimate 80's Mix,PokerT,Electronic,"1,682,931 plays","16,024 likes",659 reposts
156,Diana Ross - I Will Survive (Neidex Remix),0600 Records,Electronic,"1,272,894 plays","16,534 likes","1,013 reposts"
157,Get down Saturday night - Oliver Cheatham - SanFranDisko Mix #FreeDownload,SanFranDisko,Electronic,"664,166 plays","9,595 likes",547 reposts
158,Sharam Jey & Daniel Fernandes - Jump Up (Preview) [OUT NOW!],Sharam Jey,Electronic,"1,407,367 plays","22,638 likes","2,375 reposts"
159,RetroMix Vol 39 (Disco Pop 70's),DJ GIAN,Electronic,"46,853 plays","1,034 likes",210 reposts
160,Barry & Gibbs - Disco & House Classics - FVUK Guestmix Series,Funky Vibes UK,Electronic,"7,862 plays",270 likes,67 reposts
161,"Vokker, Schnor - I'm A Gee (Original Mix)",G-MAFIA RECORDS,Electronic,"405,336 plays","6,067 likes",243 reposts
162,Deeperise Feat. Anything But Monday - Crush (Mahmut Orhan Remix),Palace Beach,Electronic,"651,742 plays","9,712 likes",836 reposts
163,"Flight Facilities - 37,000 ft Mixtape (2011)",Flight Facilities,Electronic,"19,536 plays",733 likes,81 reposts
164,Sharam Jey & Illusionize - Shake Moove (Preview) // [OUT NOW],Sharam Jey,Electronic,"802,047 plays","12,953 likes",961 reposts
165,Ariana Grande - Touch It (Slipenberg Remix)(FREE DOWNLOAD),Spirit Soul Mixes & Free Downloads,Folk & Singer-Songwriter,"6,680,438 plays","86,357 likes","4,156 reposts"
166,"Sharam Jey, Chemical Surf & Illusionize - Bass (Preview) Out Now",Sharam Jey,Folk & Singer-Songwriter,"3,514,253 plays","49,756 likes","3,034 reposts"
167,Dua Lipa 'Blow Your Mind (Mwah)' (Butch le Butch Lost Disco Version),Butch le Butch,Folk & Singer-Songwriter,"2,298,796 plays","22,803 likes",691 reposts
168,Estilo Disco: 70s Disco Megamix Boite Discotheque,Mix80s,Folk & Singer-Songwriter,"4,022,038 plays","48,006 likes","2,546 reposts"
169,Glitterbox Radio Show 132 presented by Melvo Baptiste,Glitterbox,Folk & Singer-Songwriter,"29,067 plays",701 likes,78 reposts
170,The Ultimate 80's Mix,PokerT,Folk & Singer-Songwriter,"1,682,938 plays","16,024 likes",659 reposts
171,Diana Ross - I Will Survive (Neidex Remix),0600 Records,Folk & Singer-Songwriter,"1,272,900 plays","16,535 likes","1,013 reposts"
172,Get down Saturday night - Oliver Cheatham - SanFranDisko Mix #FreeDownload,SanFranDisko,Folk & Singer-Songwriter,"664,169 plays","9,595 likes",547 reposts
173,Sharam Jey & Daniel Fernandes - Jump Up (Preview) [OUT NOW!],Sharam Jey,Folk & Singer-Songwriter,"1,407,374 plays","22,638 likes","2,375 reposts"
174,RetroMix Vol 39 (Disco Pop 70's),DJ GIAN,Folk & Singer-Songwriter,"46,856 plays","1,034 likes",210 reposts
175,Barry & Gibbs - Disco & House Classics - FVUK Guestmix Series,Funky Vibes UK,Folk & Singer-Songwriter,"7,866 plays",270 likes,67 reposts
176,"Vokker, Schnor - I'm A Gee (Original Mix)",G-MAFIA RECORDS,Folk & Singer-Songwriter,"405,339 plays","6,067 likes",243 reposts
177,Deeperise Feat. Anything But Monday - Crush (Mahmut Orhan Remix),Palace Beach,Folk & Singer-Songwriter,"651,746 plays","9,712 likes",836 reposts
178,"Flight Facilities - 37,000 ft Mixtape (2011)",Flight Facilities,Folk & Singer-Songwriter,"19,537 plays",733 likes,81 reposts
179,,Buffering,Folk & Singer-Songwriter,"802,050 plays","12,953 likes",961 reposts
180,Ariana Grande - Touch It (Slipenberg Remix)(FREE DOWNLOAD),Spirit Soul Mixes & Free Downloads,Hip-hop & Rap,"6,680,471 plays","86,357 likes","4,156 reposts"
181,"Sharam Jey, Chemical Surf & Illusionize - Bass (Preview) Out Now",Sharam Jey,Hip-hop & Rap,"3,514,261 plays","49,756 likes","3,034 reposts"
182,Dua Lipa 'Blow Your Mind (Mwah)' (Butch le Butch Lost Disco Version),Butch le Butch,Hip-hop & Rap,"2,298,811 plays","22,803 likes",691 reposts
183,Estilo Disco: 70s Disco Megamix Boite Discotheque,Mix80s,Hip-hop & Rap,"4,022,047 plays","48,006 likes","2,546 reposts"
184,Glitterbox Radio Show 132 presented by Melvo Baptiste,Glitterbox,Hip-hop & Rap,"29,077 plays",702 likes,78 reposts
185,The Ultimate 80's Mix,PokerT,Hip-hop & Rap,"1,682,954 plays","16,024 likes",659 reposts
186,Diana Ross - I Will Survive (Neidex Remix),0600 Records,Hip-hop & Rap,"1,272,908 plays","16,535 likes","1,013 reposts"
187,Get down Saturday night - Oliver Cheatham - SanFranDisko Mix #FreeDownload,SanFranDisko,Hip-hop & Rap,"664,174 plays","9,595 likes",547 reposts
188,Sharam Jey & Daniel Fernandes - Jump Up (Preview) [OUT NOW!],Sharam Jey,Hip-hop & Rap,"1,407,376 plays","22,638 likes","2,375 reposts"
189,RetroMix Vol 39 (Disco Pop 70's),DJ GIAN,Hip-hop & Rap,"46,857 plays","1,034 likes",210 reposts
190,Barry & Gibbs - Disco & House Classics - FVUK Guestmix Series,Funky Vibes UK,Hip-hop & Rap,"7,868 plays",270 likes,67 reposts
191,"Vokker, Schnor - I'm A Gee (Original Mix)",G-MAFIA RECORDS,Hip-hop & Rap,"405,341 plays","6,067 likes",243 reposts
192,Deeperise Feat. Anything But Monday - Crush (Mahmut Orhan Remix),Palace Beach,Hip-hop & Rap,"651,748 plays","9,712 likes",836 reposts
193,,Buffering,Hip-hop & Rap,"19,537 plays",733 likes,81 reposts
194,Sharam Jey & Illusionize - Shake Moove (Preview) // [OUT NOW],Sharam Jey,Hip-hop & Rap,"802,052 plays","12,953 likes",961 reposts
195,Ariana Grande - Touch It (Slipenberg Remix)(FREE DOWNLOAD),Spirit Soul Mixes & Free Downloads,House,"6,680,494 plays","86,359 likes","4,156 reposts"
196,"Sharam Jey, Chemical Surf & Illusionize - Bass (Preview) Out Now",Sharam Jey,House,"3,514,269 plays","49,756 likes","3,034 reposts"
197,Dua Lipa 'Blow Your Mind (Mwah)' (Butch le Butch Lost Disco Version),Butch le Butch,House,"2,298,825 plays","22,803 likes",691 reposts
198,Estilo Disco: 70s Disco Megamix Boite Discotheque,Mix80s,House,"4,022,061 plays","48,006 likes","2,546 reposts"
199,Glitterbox Radio Show 132 presented by Melvo Baptiste,Glitterbox,House,"29,083 plays",702 likes,78 reposts
200,The Ultimate 80's Mix,PokerT,House,"1,682,958 plays","16,024 likes",659 reposts
201,Diana Ross - I Will Survive (Neidex Remix),0600 Records,House,"1,272,908 plays","16,535 likes","1,013 reposts"
202,Get down Saturday night - Oliver Cheatham - SanFranDisko Mix #FreeDownload,SanFranDisko,House,"664,177 plays","9,595 likes",547 reposts
203,Sharam Jey & Daniel Fernandes - Jump Up (Preview) [OUT NOW!],Sharam Jey,House,"1,407,379 plays","22,638 likes","2,375 reposts"
204,RetroMix Vol 39 (Disco Pop 70's),DJ GIAN,House,"46,857 plays","1,034 likes",210 reposts
205,Barry & Gibbs - Disco & House Classics - FVUK Guestmix Series,Funky Vibes UK,House,"7,871 plays",270 likes,67 reposts
206,"Vokker, Schnor - I'm A Gee (Original Mix)",G-MAFIA RECORDS,House,"405,345 plays","6,067 likes",243 reposts
207,Deeperise Feat. Anything But Monday - Crush (Mahmut Orhan Remix),Palace Beach,House,"651,749 plays","9,712 likes",836 reposts
208,"Flight Facilities - 37,000 ft Mixtape (2011)",Flight Facilities,House,"19,540 plays",733 likes,81 reposts
209,Sharam Jey & Illusionize - Shake Moove (Preview) // [OUT NOW],Sharam Jey,House,"802,054 plays","12,953 likes",961 reposts
210,Ariana Grande - Touch It (Slipenberg Remix)(FREE DOWNLOAD),Spirit Soul Mixes & Free Downloads,Indie,"6,680,512 plays","86,358 likes","4,156 reposts"
211,"Sharam Jey, Chemical Surf & Illusionize - Bass (Preview) Out Now",Sharam Jey,Indie,"3,514,274 plays","49,756 likes","3,034 reposts"
212,Dua Lipa 'Blow Your Mind (Mwah)' (Butch le Butch Lost Disco Version),Butch le Butch,Indie,"2,298,833 plays","22,803 likes",691 reposts
213,Estilo Disco: 70s Disco Megamix Boite Discotheque,Mix80s,Indie,"4,022,070 plays","48,006 likes","2,546 reposts"
214,Glitterbox Radio Show 132 presented by Melvo Baptiste,Glitterbox,Indie,"29,087 plays",702 likes,78 reposts
215,The Ultimate 80's Mix,PokerT,Indie,"1,682,964 plays","16,024 likes",659 reposts
216,Diana Ross - I Will Survive (Neidex Remix),0600 Records,Indie,"1,272,912 plays","16,535 likes","1,013 reposts"
217,Get down Saturday night - Oliver Cheatham - SanFranDisko Mix #FreeDownload,SanFranDisko,Indie,"664,177 plays","9,595 likes",547 reposts
218,,Buffering,Indie,"1,407,380 plays","22,638 likes","2,375 reposts"
219,RetroMix Vol 39 (Disco Pop 70's),DJ GIAN,Indie,"46,859 plays","1,034 likes",210 reposts
220,Barry & Gibbs - Disco & House Classics - FVUK Guestmix Series,Funky Vibes UK,Indie,"7,872 plays",270 likes,67 reposts
221,"Vokker, Schnor - I'm A Gee (Original Mix)",G-MAFIA RECORDS,Indie,"405,349 plays","6,067 likes",243 reposts
222,Deeperise Feat. Anything But Monday - Crush (Mahmut Orhan Remix),Palace Beach,Indie,"651,752 plays","9,712 likes",836 reposts
223,"Flight Facilities - 37,000 ft Mixtape (2011)",Flight Facilities,Indie,"19,545 plays",733 likes,81 reposts
224,Sharam Jey & Illusionize - Shake Moove (Preview) // [OUT NOW],Sharam Jey,Indie,"802,057 plays","12,953 likes",961 reposts
225,Ariana Grande - Touch It (Slipenberg Remix)(FREE DOWNLOAD),Spirit Soul Mixes & Free Downloads,Jazz & Blues,"6,680,539 plays","86,358 likes","4,156 reposts"
226,"Sharam Jey, Chemical Surf & Illusionize - Bass (Preview) Out Now",Sharam Jey,Jazz & Blues,"3,514,282 plays","49,756 likes","3,034 reposts"
227,Dua Lipa 'Blow Your Mind (Mwah)' (Butch le Butch Lost Disco Version),Butch le Butch,Jazz & Blues,"2,298,845 plays","22,803 likes",691 reposts
228,Estilo Disco: 70s Disco Megamix Boite Discotheque,Mix80s,Jazz & Blues,"4,022,082 plays","48,006 likes","2,546 reposts"
229,,Buffering,Jazz & Blues,"29,093 plays",702 likes,78 reposts
230,The Ultimate 80's Mix,PokerT,Jazz & Blues,"1,682,970 plays","16,025 likes",659 reposts
231,Diana Ross - I Will Survive (Neidex Remix),0600 Records,Jazz & Blues,"1,272,919 plays","16,535 likes","1,013 reposts"
232,Get down Saturday night - Oliver Cheatham - SanFranDisko Mix #FreeDownload,SanFranDisko,Jazz & Blues,"664,181 plays","9,595 likes",547 reposts
233,Sharam Jey & Daniel Fernandes - Jump Up (Preview) [OUT NOW!],Sharam Jey,Jazz & Blues,"1,407,384 plays","22,638 likes","2,375 reposts"
234,RetroMix Vol 39 (Disco Pop 70's),DJ GIAN,Jazz & Blues,"46,860 plays","1,034 likes",210 reposts
235,Barry & Gibbs - Disco & House Classics - FVUK Guestmix Series,Funky Vibes UK,Jazz & Blues,"7,877 plays",270 likes,67 reposts
236,"Vokker, Schnor - I'm A Gee (Original Mix)",G-MAFIA RECORDS,Jazz & Blues,"405,352 plays","6,067 likes",243 reposts
237,Deeperise Feat. Anything But Monday - Crush (Mahmut Orhan Remix),Palace Beach,Jazz & Blues,"651,753 plays","9,712 likes",836 reposts
238,"Flight Facilities - 37,000 ft Mixtape (2011)",Flight Facilities,Jazz & Blues,"19,546 plays",733 likes,81 reposts
239,Sharam Jey & Illusionize - Shake Moove (Preview) // [OUT NOW],Sharam Jey,Jazz & Blues,"802,064 plays","12,953 likes",961 reposts
240,Ariana Grande - Touch It (Slipenberg Remix)(FREE DOWNLOAD),Spirit Soul Mixes & Free Downloads,Latin,"6,680,559 plays","86,358 likes","4,156 reposts"
241,"Sharam Jey, Chemical Surf & Illusionize - Bass (Preview) Out Now",Sharam Jey,Latin,"3,514,292 plays","49,756 likes","3,034 reposts"
242,Dua Lipa 'Blow Your Mind (Mwah)' (Butch le Butch Lost Disco Version),Butch le Butch,Latin,"2,298,856 plays","22,803 likes",691 reposts
243,Estilo Disco: 70s Disco Megamix Boite Discotheque,Mix80s,Latin,"4,022,092 plays","48,006 likes","2,546 reposts"
244,Glitterbox Radio Show 132 presented by Melvo Baptiste,Glitterbox,Latin,"29,101 plays",702 likes,78 reposts
245,The Ultimate 80's Mix,PokerT,Latin,"1,682,971 plays","16,025 likes",659 reposts
246,Diana Ross - I Will Survive (Neidex Remix),0600 Records,Latin,"1,272,921 plays","16,535 likes","1,013 reposts"
247,Get down Saturday night - Oliver Cheatham - SanFranDisko Mix #FreeDownload,SanFranDisko,Latin,"664,183 plays","9,595 likes",547 reposts
248,Sharam Jey & Daniel Fernandes - Jump Up (Preview) [OUT NOW!],Sharam Jey,Latin,"1,407,388 plays","22,638 likes","2,375 reposts"
249,RetroMix Vol 39 (Disco Pop 70's),DJ GIAN,Latin,"46,860 plays","1,034 likes",210 reposts
250,Barry & Gibbs - Disco & House Classics - FVUK Guestmix Series,Funky Vibes UK,Latin,"7,878 plays",270 likes,67 reposts
251,"Vokker, Schnor - I'm A Gee (Original Mix)",G-MAFIA RECORDS,Latin,"405,353 plays","6,067 likes",243 reposts
252,Deeperise Feat. Anything But Monday - Crush (Mahmut Orhan Remix),Palace Beach,Latin,"651,753 plays","9,712 likes",836 reposts
253,"Flight Facilities - 37,000 ft Mixtape (2011)",Flight Facilities,Latin,"19,546 plays",733 likes,81 reposts
254,Sharam Jey & Illusionize - Shake Moove (Preview) // [OUT NOW],Sharam Jey,Latin,"802,067 plays","12,953 likes",961 reposts
255,Ariana Grande - Touch It (Slipenberg Remix)(FREE DOWNLOAD),Spirit Soul Mixes & Free Downloads,Metal,"6,680,592 plays","86,358 likes","4,156 reposts"
256,"Sharam Jey, Chemical Surf & Illusionize - Bass (Preview) Out Now",Sharam Jey,Metal,"3,514,304 plays","49,757 likes","3,034 reposts"
257,Dua Lipa 'Blow Your Mind (Mwah)' (Butch le Butch Lost Disco Version),Butch le Butch,Metal,"2,298,866 plays","22,803 likes",691 reposts
258,Estilo Disco: 70s Disco Megamix Boite Discotheque,Mix80s,Metal,"4,022,100 plays","48,006 likes","2,546 reposts"
259,Glitterbox Radio Show 132 presented by Melvo Baptiste,Glitterbox,Metal,"29,105 plays",702 likes,78 reposts
260,The Ultimate 80's Mix,PokerT,Metal,"1,682,979 plays","16,025 likes",659 reposts
261,Diana Ross - I Will Survive (Neidex Remix),0600 Records,Metal,"1,272,926 plays","16,535 likes","1,013 reposts"
262,Get down Saturday night - Oliver Cheatham - SanFranDisko Mix #FreeDownload,SanFranDisko,Metal,"664,187 plays","9,595 likes",547 reposts
263,Sharam Jey & Daniel Fernandes - Jump Up (Preview) [OUT NOW!],Sharam Jey,Metal,"1,407,391 plays","22,638 likes","2,375 reposts"
264,RetroMix Vol 39 (Disco Pop 70's),DJ GIAN,Metal,"46,864 plays","1,034 likes",210 reposts
265,Barry & Gibbs - Disco & House Classics - FVUK Guestmix Series,Funky Vibes UK,Metal,"7,881 plays",270 likes,67 reposts
266,"Vokker, Schnor - I'm A Gee (Original Mix)",G-MAFIA RECORDS,Metal,"405,355 plays","6,067 likes",243 reposts
267,Deeperise Feat. Anything But Monday - Crush (Mahmut Orhan Remix),Palace Beach,Metal,"651,755 plays","9,712 likes",836 reposts
268,"Flight Facilities - 37,000 ft Mixtape (2011)",Flight Facilities,Metal,"19,550 plays",733 likes,81 reposts
269,Sharam Jey & Illusionize - Shake Moove (Preview) // [OUT NOW],Sharam Jey,Metal,"802,068 plays","12,953 likes",961 reposts
270,Ariana Grande - Touch It (Slipenberg Remix)(FREE DOWNLOAD),Spirit Soul Mixes & Free Downloads,Piano,"6,680,616 plays","86,358 likes","4,156 reposts"
271,"Sharam Jey, Chemical Surf & Illusionize - Bass (Preview) Out Now",Sharam Jey,Piano,"3,514,309 plays","49,757 likes","3,034 reposts"
272,,Buffering,Piano,"2,298,871 plays","22,803 likes",691 reposts
273,Estilo Disco: 70s Disco Megamix Boite Discotheque,Mix80s,Piano,"4,022,109 plays","48,006 likes","2,546 reposts"
274,Glitterbox Radio Show 132 presented by Melvo Baptiste,Glitterbox,Piano,"29,115 plays",702 likes,78 reposts
275,The Ultimate 80's Mix,PokerT,Piano,"1,682,984 plays","16,025 likes",659 reposts
276,Diana Ross - I Will Survive (Neidex Remix),0600 Records,Piano,"1,272,931 plays","16,535 likes","1,013 reposts"
277,Get down Saturday night - Oliver Cheatham - SanFranDisko Mix #FreeDownload,SanFranDisko,Piano,"664,191 plays","9,595 likes",547 reposts
278,Sharam Jey & Daniel Fernandes - Jump Up (Preview) [OUT NOW!],Sharam Jey,Piano,"1,407,398 plays","22,638 likes","2,375 reposts"
279,RetroMix Vol 39 (Disco Pop 70's),DJ GIAN,Piano,"46,867 plays","1,034 likes",210 reposts
280,,Buffering,Piano,"7,886 plays",270 likes,67 reposts
281,"Vokker, Schnor - I'm A Gee (Original Mix)",G-MAFIA RECORDS,Piano,"405,358 plays","6,067 likes",243 reposts
282,Deeperise Feat. Anything But Monday - Crush (Mahmut Orhan Remix),Palace Beach,Piano,"651,761 plays","9,712 likes",836 reposts
283,"Flight Facilities - 37,000 ft Mixtape (2011)",Flight Facilities,Piano,"19,554 plays",733 likes,81 reposts
284,,Buffering,Piano,"802,072 plays","12,953 likes",961 reposts
285,Ariana Grande - Touch It (Slipenberg Remix)(FREE DOWNLOAD),Spirit Soul Mixes & Free Downloads,Pop,"6,680,649 plays","86,358 likes","4,156 reposts"
286,"Sharam Jey, Chemical Surf & Illusionize - Bass (Preview) Out Now",Sharam Jey,Pop,"3,514,318 plays","49,757 likes","3,034 reposts"
287,Dua Lipa 'Blow Your Mind (Mwah)' (Butch le Butch Lost Disco Version),Butch le Butch,Pop,"2,298,883 plays","22,803 likes",691 reposts
288,Estilo Disco: 70s Disco Megamix Boite Discotheque,Mix80s,Pop,"4,022,113 plays","48,006 likes","2,546 reposts"
289,Glitterbox Radio Show 132 presented by Melvo Baptiste,Glitterbox,Pop,"29,119 plays",702 likes,78 reposts
290,The Ultimate 80's Mix,PokerT,Pop,"1,682,987 plays","16,025 likes",659 reposts
291,Diana Ross - I Will Survive (Neidex Remix),0600 Records,Pop,"1,272,936 plays","16,535 likes","1,013 reposts"
292,Get down Saturday night - Oliver Cheatham - SanFranDisko Mix #FreeDownload,SanFranDisko,Pop,"664,197 plays","9,596 likes",547 reposts
293,Sharam Jey & Daniel Fernandes - Jump Up (Preview) [OUT NOW!],Sharam Jey,Pop,"1,407,403 plays","22,637 likes","2,375 reposts"
294,RetroMix Vol 39 (Disco Pop 70's),DJ GIAN,Pop,"46,867 plays","1,034 likes",210 reposts
295,Barry & Gibbs - Disco & House Classics - FVUK Guestmix Series,Funky Vibes UK,Pop,"7,889 plays",270 likes,67 reposts
296,"Vokker, Schnor - I'm A Gee (Original Mix)",G-MAFIA RECORDS,Pop,"405,360 plays","6,067 likes",243 reposts
297,Deeperise Feat. Anything But Monday - Crush (Mahmut Orhan Remix),Palace Beach,Pop,"651,763 plays","9,712 likes",836 reposts
298,"Flight Facilities - 37,000 ft Mixtape (2011)",Flight Facilities,Pop,"19,557 plays",733 likes,81 reposts
299,Sharam Jey & Illusionize - Shake Moove (Preview) // [OUT NOW],Sharam Jey,Pop,"802,075 plays","12,953 likes",961 reposts
300,Ariana Grande - Touch It (Slipenberg Remix)(FREE DOWNLOAD),Spirit Soul Mixes & Free Downloads,R&B & Soul,"6,680,672 plays","86,358 likes","4,156 reposts"
301,"Sharam Jey, Chemical Surf & Illusionize - Bass (Preview) Out Now",Sharam Jey,R&B & Soul,"3,514,330 plays","49,757 likes","3,034 reposts"
302,Dua Lipa 'Blow Your Mind (Mwah)' (Butch le Butch Lost Disco Version),Butch le Butch,R&B & Soul,"2,298,898 plays","22,803 likes",691 reposts
303,,Buffering,R&B & Soul,"4,022,127 plays","48,006 likes","2,546 reposts"
304,Glitterbox Radio Show 132 presented by Melvo Baptiste,Glitterbox,R&B & Soul,"29,123 plays",702 likes,78 reposts
305,The Ultimate 80's Mix,PokerT,R&B & Soul,"1,682,988 plays","16,025 likes",659 reposts
306,Diana Ross - I Will Survive (Neidex Remix),0600 Records,R&B & Soul,"1,272,942 plays","16,535 likes","1,013 reposts"
307,Get down Saturday night - Oliver Cheatham - SanFranDisko Mix #FreeDownload,SanFranDisko,R&B & Soul,"664,203 plays","9,596 likes",547 reposts
308,,Buffering,R&B & Soul,"1,407,407 plays","22,637 likes","2,375 reposts"
309,RetroMix Vol 39 (Disco Pop 70's),DJ GIAN,R&B & Soul,"46,867 plays","1,034 likes",210 reposts
310,,Buffering,R&B & Soul,"7,891 plays",270 likes,67 reposts
311,"Vokker, Schnor - I'm A Gee (Original Mix)",G-MAFIA RECORDS,R&B & Soul,"405,361 plays","6,067 likes",243 reposts
312,Deeperise Feat. Anything But Monday - Crush (Mahmut Orhan Remix),Palace Beach,R&B & Soul,"651,766 plays","9,712 likes",836 reposts
313,"Flight Facilities - 37,000 ft Mixtape (2011)",Flight Facilities,R&B & Soul,"19,563 plays",733 likes,81 reposts
314,Sharam Jey & Illusionize - Shake Moove (Preview) // [OUT NOW],Sharam Jey,R&B & Soul,"802,079 plays","12,953 likes",961 reposts
315,Ariana Grande - Touch It (Slipenberg Remix)(FREE DOWNLOAD),Spirit Soul Mixes & Free Downloads,Reggae,"6,680,703 plays","86,358 likes","4,156 reposts"
316,,Buffering,Reggae,"3,514,351 plays","49,757 likes","3,034 reposts"
317,Dua Lipa 'Blow Your Mind (Mwah)' (Butch le Butch Lost Disco Version),Butch le Butch,Reggae,"2,298,919 plays","22,803 likes",691 reposts
318,Estilo Disco: 70s Disco Megamix Boite Discotheque,Mix80s,Reggae,"4,022,133 plays","48,007 likes","2,546 reposts"
319,,Buffering,Reggae,"29,127 plays",702 likes,78 reposts
320,The Ultimate 80's Mix,PokerT,Reggae,"1,682,992 plays","16,025 likes",659 reposts
321,Diana Ross - I Will Survive (Neidex Remix),0600 Records,Reggae,"1,272,947 plays","16,535 likes","1,013 reposts"
322,Get down Saturday night - Oliver Cheatham - SanFranDisko Mix #FreeDownload,SanFranDisko,Reggae,"664,209 plays","9,596 likes",547 reposts
323,Sharam Jey & Daniel Fernandes - Jump Up (Preview) [OUT NOW!],Sharam Jey,Reggae,"1,407,410 plays","22,638 likes","2,375 reposts"
324,RetroMix Vol 39 (Disco Pop 70's),DJ GIAN,Reggae,"46,868 plays","1,034 likes",210 reposts
325,Barry & Gibbs - Disco & House Classics - FVUK Guestmix Series,Funky Vibes UK,Reggae,"7,898 plays",270 likes,67 reposts
326,"Vokker, Schnor - I'm A Gee (Original Mix)",G-MAFIA RECORDS,Reggae,"405,365 plays","6,067 likes",243 reposts
327,Deeperise Feat. Anything But Monday - Crush (Mahmut Orhan Remix),Palace Beach,Reggae,"651,772 plays","9,712 likes",836 reposts
328,"Flight Facilities - 37,000 ft Mixtape (2011)",Flight Facilities,Reggae,"19,567 plays",733 likes,81 reposts
329,Sharam Jey & Illusionize - Shake Moove (Preview) // [OUT NOW],Sharam Jey,Reggae,"802,081 plays","12,953 likes",961 reposts
330,Ariana Grande - Touch It (Slipenberg Remix)(FREE DOWNLOAD),Spirit Soul Mixes & Free Downloads,Reggaeton,"6,680,740 plays","86,358 likes","4,156 reposts"
331,"Sharam Jey, Chemical Surf & Illusionize - Bass (Preview) Out Now",Sharam Jey,Reggaeton,"3,514,365 plays","49,758 likes","3,034 reposts"
332,Dua Lipa 'Blow Your Mind (Mwah)' (Butch le Butch Lost Disco Version),Butch le Butch,Reggaeton,"2,298,933 plays","22,803 likes",691 reposts
333,Estilo Disco: 70s Disco Megamix Boite Discotheque,Mix80s,Reggaeton,"4,022,144 plays","48,008 likes","2,546 reposts"
334,Glitterbox Radio Show 132 presented by Melvo Baptiste,Glitterbox,Reggaeton,"29,137 plays",702 likes,78 reposts
335,The Ultimate 80's Mix,PokerT,Reggaeton,"1,682,995 plays","16,025 likes",659 reposts
336,Diana Ross - I Will Survive (Neidex Remix),0600 Records,Reggaeton,"1,272,949 plays","16,535 likes","1,013 reposts"
337,Get down Saturday night - Oliver Cheatham - SanFranDisko Mix #FreeDownload,SanFranDisko,Reggaeton,"664,213 plays","9,596 likes",547 reposts
338,Sharam Jey & Daniel Fernandes - Jump Up (Preview) [OUT NOW!],Sharam Jey,Reggaeton,"1,407,413 plays","22,638 likes","2,375 reposts"
339,RetroMix Vol 39 (Disco Pop 70's),DJ GIAN,Reggaeton,"46,869 plays","1,034 likes",210 reposts
340,Barry & Gibbs - Disco & House Classics - FVUK Guestmix Series,Funky Vibes UK,Reggaeton,"7,898 plays",270 likes,67 reposts
341,"Vokker, Schnor - I'm A Gee (Original Mix)",G-MAFIA RECORDS,Reggaeton,"405,366 plays","6,067 likes",243 reposts
342,Deeperise Feat. Anything But Monday - Crush (Mahmut Orhan Remix),Palace Beach,Reggaeton,"651,776 plays","9,712 likes",836 reposts
343,"Flight Facilities - 37,000 ft Mixtape (2011)",Flight Facilities,Reggaeton,"19,572 plays",733 likes,81 reposts
344,Sharam Jey & Illusionize - Shake Moove (Preview) // [OUT NOW],Sharam Jey,Reggaeton,"802,084 plays","12,953 likes",961 reposts
345,Ariana Grande - Touch It (Slipenberg Remix)(FREE DOWNLOAD),Spirit Soul Mixes & Free Downloads,Rock,"6,680,771 plays","86,358 likes","4,156 reposts"
346,,Buffering,Rock,"3,514,370 plays","49,758 likes","3,034 reposts"
347,Dua Lipa 'Blow Your Mind (Mwah)' (Butch le Butch Lost Disco Version),Butch le Butch,Rock,"2,298,953 plays","22,803 likes",691 reposts
348,Estilo Disco: 70s Disco Megamix Boite Discotheque,Mix80s,Rock,"4,022,160 plays","48,007 likes","2,546 reposts"
349,Glitterbox Radio Show 132 presented by Melvo Baptiste,Glitterbox,Rock,"29,142 plays",702 likes,78 reposts
350,The Ultimate 80's Mix,PokerT,Rock,"1,682,998 plays","16,025 likes",659 reposts
351,Diana Ross - I Will Survive (Neidex Remix),0600 Records,Rock,"1,272,953 plays","16,535 likes","1,013 reposts"
352,Get down Saturday night - Oliver Cheatham - SanFranDisko Mix #FreeDownload,SanFranDisko,Rock,"664,217 plays","9,596 likes",547 reposts
353,Sharam Jey & Daniel Fernandes - Jump Up (Preview) [OUT NOW!],Sharam Jey,Rock,"1,407,416 plays","22,638 likes","2,375 reposts"
354,RetroMix Vol 39 (Disco Pop 70's),DJ GIAN,Rock,"46,874 plays","1,034 likes",210 reposts
355,,Buffering,Rock,"7,899 plays",270 likes,67 reposts
356,"Vokker, Schnor - I'm A Gee (Original Mix)",G-MAFIA RECORDS,Rock,"405,373 plays","6,067 likes",243 reposts
357,Deeperise Feat. Anything But Monday - Crush (Mahmut Orhan Remix),Palace Beach,Rock,"651,779 plays","9,713 likes",836 reposts
358,"Flight Facilities - 37,000 ft Mixtape (2011)",Flight Facilities,Rock,"19,576 plays",733 likes,81 reposts
359,Sharam Jey & Illusionize - Shake Moove (Preview) // [OUT NOW],Sharam Jey,Rock,"802,084 plays","12,953 likes",961 reposts
360,Ariana Grande - Touch It (Slipenberg Remix)(FREE DOWNLOAD),Spirit Soul Mixes & Free Downloads,Soundtrack,"6,680,791 plays","86,358 likes","4,156 reposts"
361,"Sharam Jey, Chemical Surf & Illusionize - Bass (Preview) Out Now",Sharam Jey,Soundtrack,"3,514,385 plays","49,758 likes","3,034 reposts"
362,Dua Lipa 'Blow Your Mind (Mwah)' (Butch le Butch Lost Disco Version),Butch le Butch,Soundtrack,"2,298,970 plays","22,803 likes",691 reposts
363,Estilo Disco: 70s Disco Megamix Boite Discotheque,Mix80s,Soundtrack,"4,022,180 plays","48,007 likes","2,546 reposts"
364,Glitterbox Radio Show 132 presented by Melvo Baptiste,Glitterbox,Soundtrack,"29,150 plays",702 likes,78 reposts
365,The Ultimate 80's Mix,PokerT,Soundtrack,"1,683,005 plays","16,025 likes",659 reposts
366,Diana Ross - I Will Survive (Neidex Remix),0600 Records,Soundtrack,"1,272,963 plays","16,535 likes","1,013 reposts"
367,Get down Saturday night - Oliver Cheatham - SanFranDisko Mix #FreeDownload,SanFranDisko,Soundtrack,"664,223 plays","9,596 likes",547 reposts
368,Sharam Jey & Daniel Fernandes - Jump Up (Preview) [OUT NOW!],Sharam Jey,Soundtrack,"1,407,424 plays","22,638 likes","2,375 reposts"
369,RetroMix Vol 39 (Disco Pop 70's),DJ GIAN,Soundtrack,"46,875 plays","1,034 likes",210 reposts
370,Barry & Gibbs - Disco & House Classics - FVUK Guestmix Series,Funky Vibes UK,Soundtrack,"7,904 plays",270 likes,67 reposts
371,"Vokker, Schnor - I'm A Gee (Original Mix)",G-MAFIA RECORDS,Soundtrack,"405,376 plays","6,067 likes",243 reposts
372,,Buffering,Soundtrack,"651,785 plays","9,713 likes",836 reposts
373,"Flight Facilities - 37,000 ft Mixtape (2011)",Flight Facilities,Soundtrack,"19,578 plays",733 likes,81 reposts
374,Sharam Jey & Illusionize - Shake Moove (Preview) // [OUT NOW],Sharam Jey,Soundtrack,"802,090 plays","12,953 likes",961 reposts
375,Ariana Grande - Touch It (Slipenberg Remix)(FREE DOWNLOAD),Spirit Soul Mixes & Free Downloads,Techno,"6,680,817 plays","86,359 likes","4,156 reposts"
376,"Sharam Jey, Chemical Surf & Illusionize - Bass (Preview) Out Now",Sharam Jey,Techno,"3,514,392 plays","49,759 likes","3,034 reposts"
377,Dua Lipa 'Blow Your Mind (Mwah)' (Butch le Butch Lost Disco Version),Butch le Butch,Techno,"2,298,982 plays","22,803 likes",691 reposts
378,Estilo Disco: 70s Disco Megamix Boite Discotheque,Mix80s,Techno,"4,022,194 plays","48,007 likes","2,546 reposts"
379,Glitterbox Radio Show 132 presented by Melvo Baptiste,Glitterbox,Techno,"29,165 plays",703 likes,78 reposts
380,The Ultimate 80's Mix,PokerT,Techno,"1,683,007 plays","16,025 likes",659 reposts
381,Diana Ross - I Will Survive (Neidex Remix),0600 Records,Techno,"1,272,967 plays","16,535 likes","1,013 reposts"
382,,Buffering,Techno,"664,233 plays","9,596 likes",547 reposts
383,Sharam Jey & Daniel Fernandes - Jump Up (Preview) [OUT NOW!],Sharam Jey,Techno,"1,407,428 plays","22,638 likes","2,375 reposts"
384,RetroMix Vol 39 (Disco Pop 70's),DJ GIAN,Techno,"46,875 plays","1,034 likes",210 reposts
385,Barry & Gibbs - Disco & House Classics - FVUK Guestmix Series,Funky Vibes UK,Techno,"7,907 plays",270 likes,67 reposts
386,"Vokker, Schnor - I'm A Gee (Original Mix)",G-MAFIA RECORDS,Techno,"405,381 plays","6,067 likes",243 reposts
387,Deeperise Feat. Anything But Monday - Crush (Mahmut Orhan Remix),Palace Beach,Techno,"651,790 plays","9,713 likes",836 reposts
388,"Flight Facilities - 37,000 ft Mixtape (2011)",Flight Facilities,Techno,"19,585 plays",733 likes,81 reposts
389,Sharam Jey & Illusionize - Shake Moove (Preview) // [OUT NOW],Sharam Jey,Techno,"802,091 plays","12,953 likes",961 reposts
390,Ariana Grande - Touch It (Slipenberg Remix)(FREE DOWNLOAD),Spirit Soul Mixes & Free Downloads,Trance,"6,680,834 plays","86,360 likes","4,156 reposts"
391,"Sharam Jey, Chemical Surf & Illusionize - Bass (Preview) Out Now",Sharam Jey,Trance,"3,514,398 plays","49,759 likes","3,034 reposts"
392,Dua Lipa 'Blow Your Mind (Mwah)' (Butch le Butch Lost Disco Version),Butch le Butch,Trance,"2,298,990 plays","22,803 likes",691 reposts
393,Estilo Disco: 70s Disco Megamix Boite Discotheque,Mix80s,Trance,"4,022,204 plays","48,007 likes","2,546 reposts"
394,Glitterbox Radio Show 132 presented by Melvo Baptiste,Glitterbox,Trance,"29,171 plays",704 likes,78 reposts
395,The Ultimate 80's Mix,PokerT,Trance,"1,683,012 plays","16,025 likes",659 reposts
396,Diana Ross - I Will Survive (Neidex Remix),0600 Records,Trance,"1,272,968 plays","16,535 likes","1,013 reposts"
397,Get down Saturday night - Oliver Cheatham - SanFranDisko Mix #FreeDownload,SanFranDisko,Trance,"664,236 plays","9,596 likes",547 reposts
398,Sharam Jey & Daniel Fernandes - Jump Up (Preview) [OUT NOW!],Sharam Jey,Trance,"1,407,435 plays","22,638 likes","2,375 reposts"
399,RetroMix Vol 39 (Disco Pop 70's),DJ GIAN,Trance,"46,877 plays","1,034 likes",210 reposts
400,Barry & Gibbs - Disco & House Classics - FVUK Guestmix Series,Funky Vibes UK,Trance,"7,908 plays",270 likes,67 reposts
401,"Vokker, Schnor - I'm A Gee (Original Mix)",G-MAFIA RECORDS,Trance,"405,382 plays","6,067 likes",243 reposts
402,Deeperise Feat. Anything But Monday - Crush (Mahmut Orhan Remix),Palace Beach,Trance,"651,792 plays","9,713 likes",836 reposts
403,"Flight Facilities - 37,000 ft Mixtape (2011)",Flight Facilities,Trance,"19,587 plays",733 likes,81 reposts
404,Sharam Jey & Illusionize - Shake Moove (Preview) // [OUT NOW],Sharam Jey,Trance,"802,093 plays","12,953 likes",961 reposts
405,Ariana Grande - Touch It (Slipenberg Remix)(FREE DOWNLOAD),Spirit Soul Mixes & Free Downloads,Trap,"6,680,855 plays","86,361 likes","4,156 reposts"
406,,Buffering,Trap,"3,514,409 plays","49,759 likes","3,034 reposts"
407,Dua Lipa 'Blow Your Mind (Mwah)' (Butch le Butch Lost Disco Version),Butch le Butch,Trap,"2,299,005 plays","22,803 likes",691 reposts
408,Estilo Disco: 70s Disco Megamix Boite Discotheque,Mix80s,Trap,"4,022,226 plays","48,007 likes","2,546 reposts"
409,Glitterbox Radio Show 132 presented by Melvo Baptiste,Glitterbox,Trap,"29,181 plays",704 likes,78 reposts
410,The Ultimate 80's Mix,PokerT,Trap,"1,683,015 plays","16,025 likes",659 reposts
411,Diana Ross - I Will Survive (Neidex Remix),0600 Records,Trap,"1,272,971 plays","16,535 likes","1,013 reposts"
412,Get down Saturday night - Oliver Cheatham - SanFranDisko Mix #FreeDownload,SanFranDisko,Trap,"664,240 plays","9,596 likes",547 reposts
413,Sharam Jey & Daniel Fernandes - Jump Up (Preview) [OUT NOW!],Sharam Jey,Trap,"1,407,435 plays","22,638 likes","2,375 reposts"
414,RetroMix Vol 39 (Disco Pop 70's),DJ GIAN,Trap,"46,877 plays","1,034 likes",210 reposts
415,Best of Trip-Hop & Downtemp & Lo-Fi & Nujazz,S!X - Music,Triphop,"955,178 plays","24,991 likes","1,545 reposts"
416,,Buffering,Triphop,"6,107 plays",75 likes,5 reposts
417,Coccolino Deep - Charlie,Coccolino Deep,Triphop,"214,230 plays","4,990 likes",377 reposts
418,East River Soul (feat. Adam Stehr),Gramatik,Triphop,"145,503 plays","2,120 likes",296 reposts
419,October 8th {Anger Scream},Slamhaus,Triphop,"1,700 plays",28 likes,1 repost
420,"The Bridge (feat. Frameworks, Lapa & Tor)",Emancipator,Triphop,"22,314 plays",598 likes,87 reposts
421,Oshun,Break Science,Triphop,"1,937 plays",39 likes,2 reposts
422,Best Of Female Vocals - special edition Trip Hop Nation Friends mixed by Paul Cheeba,Trip Hop Nation,Triphop,"204,395 plays","4,933 likes",433 reposts
423,September 10th {Window},Slamhaus,Triphop,"7,566 plays",144 likes,5 reposts
424,Anonymous Ink,Edamame,Triphop,"1,038 plays",18 likes,2 reposts
425,Come Back,Loci Records,Triphop,"170,548 plays","4,264 likes",410 reposts
426,Start Shootin',little people,Triphop,"283,227 plays","4,255 likes",682 reposts
427,Baralku (Frameworks Remix),Emancipator,Triphop,"6,365 plays",214 likes,33 reposts
428,Nostalgic (Dustin Ngo x Mademoiselle),HAMMERHEAD,Triphop,"233,672 plays","4,190 likes",484 reposts
429,Erratic Patterns,Carbon Based Lifeforms,Triphop,"40,607 plays",813 likes,59 reposts
430,Best of Trip-Hop & Downtemp & Lo-Fi & Nujazz,S!X - Music,World,"955,185 plays","24,991 likes","1,545 reposts"
431,October 1st {Age},Slamhaus,World,"6,110 plays",75 likes,5 reposts
432,Coccolino Deep - Charlie,Coccolino Deep,World,"214,231 plays","4,990 likes",377 reposts
433,East River Soul (feat. Adam Stehr),Gramatik,World,"145,506 plays","2,120 likes",296 reposts
434,October 8th {Anger Scream},Slamhaus,World,"1,700 plays",28 likes,1 repost
435,"The Bridge (feat. Frameworks, Lapa & Tor)",Emancipator,World,"22,315 plays",598 likes,87 reposts
436,Oshun,Break Science,World,"1,937 plays",39 likes,2 reposts
437,Best Of Female Vocals - special edition Trip Hop Nation Friends mixed by Paul Cheeba,Trip Hop Nation,World,"204,396 plays","4,933 likes",433 reposts
438,September 10th {Window},Slamhaus,World,"7,567 plays",144 likes,5 reposts
439,,Buffering,World,"1,039 plays",18 likes,2 reposts
440,Come Back,Loci Records,World,"170,548 plays","4,264 likes",410 reposts
441,Start Shootin',little people,World,"283,228 plays","4,255 likes",682 reposts
442,Baralku (Frameworks Remix),Emancipator,World,"6,366 plays",214 likes,33 reposts
443,Nostalgic (Dustin Ngo x Mademoiselle),HAMMERHEAD,World,"233,673 plays","4,190 likes",484 reposts
444,Erratic Patterns,Carbon Based Lifeforms,World,"40,607 plays",813 likes,59 reposts
445,Best of Trip-Hop & Downtemp & Lo-Fi & Nujazz,S!X - Music,Audiobooks,"955,187 plays","24,991 likes","1,545 reposts"
446,October 1st {Age},Slamhaus,Audiobooks,"6,110 plays",75 likes,5 reposts
447,,Buffering,Audiobooks,"214,231 plays","4,990 likes",377 reposts
448,,Buffering,Audiobooks,"145,507 plays","2,120 likes",296 reposts
449,October 8th {Anger Scream},Slamhaus,Audiobooks,"1,701 plays",28 likes,1 repost
450,"The Bridge (feat. Frameworks, Lapa & Tor)",Emancipator,Audiobooks,"22,316 plays",598 likes,87 reposts
451,Oshun,Break Science,Audiobooks,"1,937 plays",39 likes,2 reposts
452,Best Of Female Vocals - special edition Trip Hop Nation Friends mixed by Paul Cheeba,Trip Hop Nation,Audiobooks,"204,398 plays","4,933 likes",433 reposts
453,September 10th {Window},Slamhaus,Audiobooks,"7,567 plays",144 likes,5 reposts
454,Anonymous Ink,Edamame,Audiobooks,"1,040 plays",18 likes,2 reposts
455,Come Back,Loci Records,Audiobooks,"170,548 plays","4,264 likes",410 reposts
456,Start Shootin',little people,Audiobooks,"283,228 plays","4,255 likes",682 reposts
457,Baralku (Frameworks Remix),Emancipator,Audiobooks,"6,367 plays",214 likes,33 reposts
458,Nostalgic (Dustin Ngo x Mademoiselle),HAMMERHEAD,Audiobooks,"233,674 plays","4,190 likes",484 reposts
459,Erratic Patterns,Carbon Based Lifeforms,Audiobooks,"40,607 plays",813 likes,59 reposts
460,,Buffering,Business,"955,189 plays","24,991 likes","1,545 reposts"
461,October 1st {Age},Slamhaus,Business,"6,111 plays",75 likes,5 reposts
462,Coccolino Deep - Charlie,Coccolino Deep,Business,"214,231 plays","4,990 likes",377 reposts
463,East River Soul (feat. Adam Stehr),Gramatik,Business,"145,509 plays","2,120 likes",296 reposts
464,October 8th {Anger Scream},Slamhaus,Business,"1,702 plays",28 likes,1 repost
465,"The Bridge (feat. Frameworks, Lapa & Tor)",Emancipator,Business,"22,317 plays",598 likes,87 reposts
466,Oshun,Break Science,Business,"1,938 plays",39 likes,2 reposts
467,,Buffering,Business,"204,398 plays","4,933 likes",433 reposts
468,September 10th {Window},Slamhaus,Business,"7,569 plays",144 likes,5 reposts
469,Anonymous Ink,Edamame,Business,"1,040 plays",18 likes,2 reposts
470,Come Back,Loci Records,Business,"170,548 plays","4,264 likes",410 reposts
471,Start Shootin',little people,Business,"283,229 plays","4,255 likes",682 reposts
472,Baralku (Frameworks Remix),Emancipator,Business,"6,368 plays",214 likes,33 reposts
473,Nostalgic (Dustin Ngo x Mademoiselle),HAMMERHEAD,Business,"233,674 plays","4,190 likes",484 reposts
474,Erratic Patterns,Carbon Based Lifeforms,Business,"40,607 plays",813 likes,59 reposts
475,Best of Trip-Hop & Downtemp & Lo-Fi & Nujazz,S!X - Music,Comedy,"955,196 plays","24,991 likes","1,545 reposts"
476,,Buffering,Comedy,"6,113 plays",75 likes,5 reposts
477,,Buffering,Comedy,"214,234 plays","4,990 likes",377 reposts
478,East River Soul (feat. Adam Stehr),Gramatik,Comedy,"145,510 plays","2,120 likes",296 reposts
479,October 8th {Anger Scream},Slamhaus,Comedy,"1,703 plays",28 likes,1 repost
480,"The Bridge (feat. Frameworks, Lapa & Tor)",Emancipator,Comedy,"22,317 plays",598 likes,87 reposts
481,Oshun,Break Science,Comedy,"1,939 plays",39 likes,2 reposts
482,Best Of Female Vocals - special edition Trip Hop Nation Friends mixed by Paul Cheeba,Trip Hop Nation,Comedy,"204,399 plays","4,933 likes",433 reposts
483,,Buffering,Comedy,"7,570 plays",144 likes,5 reposts
484,Anonymous Ink,Edamame,Comedy,"1,042 plays",18 likes,2 reposts
485,Come Back,Loci Records,Comedy,"170,549 plays","4,264 likes",410 reposts
486,Start Shootin',little people,Comedy,"283,230 plays","4,255 likes",682 reposts
487,Baralku (Frameworks Remix),Emancipator,Comedy,"6,368 plays",214 likes,33 reposts
488,Nostalgic (Dustin Ngo x Mademoiselle),HAMMERHEAD,Comedy,"233,674 plays","4,190 likes",484 reposts
489,Erratic Patterns,Carbon Based Lifeforms,Comedy,"40,608 plays",813 likes,59 reposts
490,Best of Trip-Hop & Downtemp & Lo-Fi & Nujazz,S!X - Music,Entertainment,"955,200 plays","24,991 likes","1,545 reposts"
491,October 1st {Age},Slamhaus,Entertainment,"6,117 plays",75 likes,5 reposts
492,Coccolino Deep - Charlie,Coccolino Deep,Entertainment,"214,237 plays","4,990 likes",377 reposts
493,East River Soul (feat. Adam Stehr),Gramatik,Entertainment,"145,510 plays","2,120 likes",296 reposts
494,October 8th {Anger Scream},Slamhaus,Entertainment,"1,704 plays",28 likes,1 repost
495,"The Bridge (feat. Frameworks, Lapa & Tor)",Emancipator,Entertainment,"22,317 plays",598 likes,87 reposts
496,Oshun,Break Science,Entertainment,"1,939 plays",39 likes,2 reposts
497,Best Of Female Vocals - special edition Trip Hop Nation Friends mixed by Paul Cheeba,Trip Hop Nation,Entertainment,"204,399 plays","4,933 likes",433 reposts
498,September 10th {Window},Slamhaus,Entertainment,"7,572 plays",144 likes,5 reposts
499,Anonymous Ink,Edamame,Entertainment,"1,042 plays",18 likes,2 reposts
500,Come Back,Loci Records,Entertainment,"170,549 plays","4,264 likes",410 reposts
501,Start Shootin',little people,Entertainment,"283,230 plays","4,255 likes",682 reposts
502,Baralku (Frameworks Remix),Emancipator,Entertainment,"6,368 plays",214 likes,33 reposts
503,,Buffering,Entertainment,"233,675 plays","4,190 likes",484 reposts
504,Lost But Won,LifeLeveler,Learning,"1,404,479 plays","19,205 likes",820 reposts
505,"TTMIK Level 1 Lesson 1 - Hello, Thank you",TalkToMeInKorean,Learning,"910,360 plays","6,159 likes",241 reposts
506,Ryo Fukaura: Liszt - Hungarian Rhapsody No.2,UCL,Learning,"336,856 plays","5,177 likes",322 reposts
507,,Buffering,Learning,"2,571 plays",96 likes,2 reposts
508,Simon Sinek: The Power of the Infinite Mindset,Lewis Howes,Learning,"445,202 followers",869 tracks,277 plays
509,?????? ???? ?? ???? ??????? (????? ???? ??????????),5 In The Afternoon |  ??? ??? ?? ?????? ?????,Learning,"180,362 plays","2,028 likes",308 reposts
510,1,LinguaLeo,Learning,"70,033 plays",18 likes,1 repost
511,26609,LinguaLeo,Learning,"669,133 plays",102 likes,27 reposts
512,30771,LinguaLeo,Learning,"651,132 plays",52 likes,35 reposts
513,"TTMIK Level 1 Lesson 2 - Yes, No, What",TalkToMeInKorean,Learning,"365,769 plays","2,817 likes",123 reposts
514,26604,LinguaLeo,Learning,"570,008 plays",38 likes,18 reposts
515,30769,LinguaLeo,Learning,"651,876 plays",60 likes,26 reposts
516,"TTMIK Level 1 Lesson 3 - Good-bye, See you",TalkToMeInKorean,Learning,"294,201 plays","1,793 likes",52 reposts
517,30768,LinguaLeo,Learning,"349,161 plays",39 likes,25 reposts
518,,Buffering,Learning,"313,885 plays","1,774 likes",53 reposts
519,Lost But Won,LifeLeveler,News & Politics,"1,404,479 plays","19,205 likes",820 reposts
520,,Buffering,News & Politics,"910,360 plays","6,159 likes",241 reposts
521,Ryo Fukaura: Liszt - Hungarian Rhapsody No.2,UCL,News & Politics,"336,857 plays","5,177 likes",322 reposts
522,"Thomas Tidlund, ""Stop Stopping & Start Starting""","ENVP, Donna Johnson",News & Politics,"2,572 plays",96 likes,2 reposts
523,,Buffering,News & Politics,"445,202 followers",869 tracks,277 plays
524,?????? ???? ?? ???? ??????? (????? ???? ??????????),5 In The Afternoon |  ??? ??? ?? ?????? ?????,News & Politics,"180,364 plays","2,028 likes",308 reposts
525,1,LinguaLeo,News & Politics,"70,034 plays",18 likes,1 repost
526,26609,LinguaLeo,News & Politics,"669,133 plays",102 likes,27 reposts
527,30771,LinguaLeo,News & Politics,"651,136 plays",52 likes,35 reposts
528,"TTMIK Level 1 Lesson 2 - Yes, No, What",TalkToMeInKorean,News & Politics,"365,769 plays","2,817 likes",123 reposts
529,26604,LinguaLeo,News & Politics,"570,009 plays",38 likes,18 reposts
530,30769,LinguaLeo,News & Politics,"651,877 plays",60 likes,26 reposts
531,"TTMIK Level 1 Lesson 3 - Good-bye, See you",TalkToMeInKorean,News & Politics,"294,202 plays","1,793 likes",52 reposts
532,30768,LinguaLeo,News & Politics,"349,161 plays",39 likes,25 reposts
533,"TTMIK Level 1 Lesson 4 - I'm sorry, Excuse me",TalkToMeInKorean,News & Politics,"313,887 plays","1,774 likes",53 reposts
534,Lost But Won,LifeLeveler,Religion & Spirituality,"1,404,480 plays","19,205 likes",820 reposts
535,"TTMIK Level 1 Lesson 1 - Hello, Thank you",TalkToMeInKorean,Religion & Spirituality,"910,364 plays","6,159 likes",241 reposts
536,Ryo Fukaura: Liszt - Hungarian Rhapsody No.2,UCL,Religion & Spirituality,"336,857 plays","5,177 likes",322 reposts
537,,Buffering,Religion & Spirituality,"2,572 plays",96 likes,2 reposts
538,,Buffering,Religion & Spirituality,"445,202 followers",869 tracks,277 plays
539,?????? ???? ?? ???? ??????? (????? ???? ??????????),5 In The Afternoon |  ??? ??? ?? ?????? ?????,Religion & Spirituality,"180,368 plays","2,028 likes",308 reposts
540,1,LinguaLeo,Religion & Spirituality,"70,036 plays",18 likes,1 repost
541,26609,LinguaLeo,Religion & Spirituality,"669,135 plays",102 likes,27 reposts
542,30771,LinguaLeo,Religion & Spirituality,"651,137 plays",52 likes,35 reposts
543,"TTMIK Level 1 Lesson 2 - Yes, No, What",TalkToMeInKorean,Religion & Spirituality,"365,769 plays","2,817 likes",123 reposts
544,26604,LinguaLeo,Religion & Spirituality,"570,010 plays",38 likes,18 reposts
545,30769,LinguaLeo,Religion & Spirituality,"651,878 plays",60 likes,26 reposts
546,"TTMIK Level 1 Lesson 3 - Good-bye, See you",TalkToMeInKorean,Religion & Spirituality,"294,204 plays","1,793 likes",52 reposts
547,30768,LinguaLeo,Religion & Spirituality,"349,162 plays",39 likes,25 reposts
548,"TTMIK Level 1 Lesson 4 - I'm sorry, Excuse me",TalkToMeInKorean,Religion & Spirituality,"313,887 plays","1,774 likes",53 reposts
549,Lost But Won,LifeLeveler,Science,"1,404,481 plays","19,205 likes",820 reposts
550,"TTMIK Level 1 Lesson 1 - Hello, Thank you",TalkToMeInKorean,Science,"910,365 plays","6,159 likes",241 reposts
551,,Buffering,Science,"336,857 plays","5,177 likes",322 reposts
552,,Buffering,Science,"2,573 plays",96 likes,2 reposts
553,Simon Sinek: The Power of the Infinite Mindset,Lewis Howes,Science,"445,202 followers",869 tracks,277 plays
554,?????? ???? ?? ???? ??????? (????? ???? ??????????),5 In The Afternoon |  ??? ??? ?? ?????? ?????,Science,"180,370 plays","2,028 likes",308 reposts
555,1,LinguaLeo,Science,"70,036 plays",18 likes,1 repost
556,26609,LinguaLeo,Science,"669,135 plays",102 likes,27 reposts
557,30771,LinguaLeo,Science,"651,141 plays",52 likes,35 reposts
558,"TTMIK Level 1 Lesson 2 - Yes, No, What",TalkToMeInKorean,Science,"365,769 plays","2,817 likes",123 reposts
559,26604,LinguaLeo,Science,"570,011 plays",38 likes,18 reposts
560,30769,LinguaLeo,Science,"651,879 plays",60 likes,26 reposts
561,"TTMIK Level 1 Lesson 3 - Good-bye, See you",TalkToMeInKorean,Science,"294,204 plays","1,793 likes",52 reposts
562,30768,LinguaLeo,Science,"349,164 plays",39 likes,25 reposts
563,"TTMIK Level 1 Lesson 4 - I'm sorry, Excuse me",TalkToMeInKorean,Science,"313,887 plays","1,774 likes",53 reposts
564,Lost But Won,LifeLeveler,Sports,"1,404,488 plays","19,205 likes",820 reposts
565,,Buffering,Sports,"910,368 plays","6,159 likes",241 reposts
566,Ryo Fukaura: Liszt - Hungarian Rhapsody No.2,UCL,Sports,"336,860 plays","5,177 likes",322 reposts
567,"Thomas Tidlund, ""Stop Stopping & Start Starting""","ENVP, Donna Johnson",Sports,"2,573 plays",96 likes,2 reposts
568,Simon Sinek: The Power of the Infinite Mindset,Lewis Howes,Sports,"445,202 followers",869 tracks,278 plays
569,?????? ???? ?? ???? ??????? (????? ???? ??????????),5 In The Afternoon |  ??? ??? ?? ?????? ?????,Sports,"180,371 plays","2,028 likes",308 reposts
570,1,LinguaLeo,Sports,"70,039 plays",18 likes,1 repost
571,26609,LinguaLeo,Sports,"669,138 plays",102 likes,27 reposts
572,30771,LinguaLeo,Sports,"651,142 plays",52 likes,35 reposts
573,"TTMIK Level 1 Lesson 2 - Yes, No, What",TalkToMeInKorean,Sports,"365,769 plays","2,817 likes",123 reposts
574,26604,LinguaLeo,Sports,"570,012 plays",38 likes,18 reposts
575,30769,LinguaLeo,Sports,"651,880 plays",60 likes,26 reposts
576,"TTMIK Level 1 Lesson 3 - Good-bye, See you",TalkToMeInKorean,Sports,"294,205 plays","1,793 likes",52 reposts
577,30768,LinguaLeo,Sports,"349,164 plays",39 likes,25 reposts
578,"TTMIK Level 1 Lesson 4 - I'm sorry, Excuse me",TalkToMeInKorean,Sports,"313,888 plays","1,774 likes",53 reposts
579,Lost But Won,LifeLeveler,Storytelling,"1,404,491 plays","19,205 likes",820 reposts
580,"TTMIK Level 1 Lesson 1 - Hello, Thank you",TalkToMeInKorean,Storytelling,"910,372 plays","6,159 likes",241 reposts
581,Ryo Fukaura: Liszt - Hungarian Rhapsody No.2,UCL,Storytelling,"336,861 plays","5,177 likes",322 reposts
582,"Thomas Tidlund, ""Stop Stopping & Start Starting""","ENVP, Donna Johnson",Storytelling,"2,573 plays",96 likes,2 reposts
583,Simon Sinek: The Power of the Infinite Mindset,Lewis Howes,Storytelling,"445,202 followers",869 tracks,278 plays
584,?????? ???? ?? ???? ??????? (????? ???? ??????????),5 In The Afternoon |  ??? ??? ?? ?????? ?????,Storytelling,"180,376 plays","2,028 likes",308 reposts
585,1,LinguaLeo,Storytelling,"70,040 plays",18 likes,1 repost
586,26609,LinguaLeo,Storytelling,"669,139 plays",102 likes,27 reposts
587,30771,LinguaLeo,Storytelling,"651,142 plays",52 likes,35 reposts
588,,Buffering,Storytelling,"365,772 plays","2,817 likes",123 reposts
589,26604,LinguaLeo,Storytelling,"570,012 plays",38 likes,18 reposts
590,30769,LinguaLeo,Storytelling,"651,881 plays",60 likes,26 reposts
591,"TTMIK Level 1 Lesson 3 - Good-bye, See you",TalkToMeInKorean,Storytelling,"294,205 plays","1,793 likes",52 reposts
592,30768,LinguaLeo,Storytelling,"349,165 plays",39 likes,25 reposts
593,"TTMIK Level 1 Lesson 4 - I'm sorry, Excuse me",TalkToMeInKorean,Storytelling,"313,888 plays","1,774 likes",53 reposts
594,Lost But Won,LifeLeveler,Technology,"1,404,494 plays","19,205 likes",820 reposts
595,,Buffering,Technology,"910,372 plays","6,159 likes",241 reposts
596,Ryo Fukaura: Liszt - Hungarian Rhapsody No.2,UCL,Technology,"336,863 plays","5,177 likes",322 reposts
597,"Thomas Tidlund, ""Stop Stopping & Start Starting""","ENVP, Donna Johnson",Technology,"2,573 plays",96 likes,2 reposts
598,Simon Sinek: The Power of the Infinite Mindset,Lewis Howes,Technology,"445,202 followers",869 tracks,278 plays
599,?????? ???? ?? ???? ??????? (????? ???? ??????????),5 In The Afternoon |  ??? ??? ?? ?????? ?????,Technology,"180,377 plays","2,028 likes",308 reposts
600,1,LinguaLeo,Technology,"70,045 plays",18 likes,1 repost
601,26609,LinguaLeo,Technology,"669,140 plays",102 likes,27 reposts
602,30771,LinguaLeo,Technology,"651,143 plays",52 likes,35 reposts
603,"TTMIK Level 1 Lesson 2 - Yes, No, What",TalkToMeInKorean,Technology,"365,774 plays","2,817 likes",123 reposts
604,26604,LinguaLeo,Technology,"570,015 plays",38 likes,18 reposts
605,30769,LinguaLeo,Technology,"651,882 plays",60 likes,26 reposts
606,"TTMIK Level 1 Lesson 3 - Good-bye, See you",TalkToMeInKorean,Technology,"294,205 plays","1,793 likes",52 reposts
607,,Buffering,Technology,"349,165 plays",39 likes,25 reposts
608,"TTMIK Level 1 Lesson 4 - I'm sorry, Excuse me",TalkToMeInKorean,Technology,"313,888 plays","1,774 likes",53 reposts
